GC_HIST_ID,GC_ID,GC_NM_OFF_EN,GC_NM_OFF_FR,GC_NM_AB_EN,GC_NM_AB_FR,STAT_CD,STAT_DESC_EN,STAT_DESC_FR,TYPE_CD,TYPE_DESC_EN,TYPE_DESC_FR,EFF_DT,EFF_FN_DT,OBSERVATIONS_EN,OBSERVATIONS_FR,GC_PAR_ID,GC_JUR_ID,ISO_ALPHA_2_CD,ISO_ALPHA_3_CD,UN_ONU_CD,MODIF_DT
1000110.0,10001.0,the Republic of Fiji,la République des Fidji,Fiji,Fidji,1.0,ACTIVE,ACTIF,1.0,Country,Pays,1970-01-01,2100-01-01,,,,,FJ,FJI,242.0,2023-11-28
1000210.0,10002.0,South Georgia and the South Sandwich Islands,Géorgie du Sud-et-les Îles Sandwich du Sud,South Georgia and the South Sandwich Islands,Géorgie du Sud-et-les Îles Sandwich du Sud,1.0,ACTIVE,ACTIF,2.0,Territory,Territoire,1993-01-01,2100-01-01,,,10183.0,10135.0,GS,SGS,239.0,2023-11-28
1000310.0,10003.0,the People’s Republic of China,la République populaire de Chine,China,Chine,1.0,ACTIVE,ACTIF,1.0,Country,Pays,1949-01-01,2100-01-01,,,,,CN,CHN,156.0,2023-11-28
1000410.0,10004.0,the Republic of Slovenia,la République de Slovénie,Slovenia,Slovénie,1.0,ACTIVE,ACTIF,1.0,Country,Pays,1991-01-01,2100-01-01,,,,,SI,SVN,705.0,2023-11-28
1000508.0,10005.0,Gilbert and Ellice Islands,les îles Gilbert et Ellice,Gilbert and Ellice Islands,îles Gilbert et Ellice,2.0,INACTIVE,INACTIF,2.0,Territory,Territoire,1900-01-01,1975-12-31,,,,,KI,KIR,296.0,2023-11-28
1000509.0,10005.0,Gilbert Islands,les îles Gilbert,Gilbert Islands,îles Gilbert,2.0,INACTIVE,INACTIF,2.0,Territory,Territoire,1976-01-01,1978-12-31,,,,,KI,KIR,296.0,2023-11-28
1000510.0,10005.0,the Republic of Kiribati,la République de Kiribati,Kiribati,Kiribati,1.0,ACTIVE,ACTIF,1.0,Country,Pays,1979-01-01,2100-01-01,,,,,KI,KIR,296.0,2023-11-28
1000610.0,10006.0,the French Republic,la République française,France,France,1.0,ACTIVE,ACTIF,1.0,Country,Pays,1900-01-01,2100-01-01,,,,,FR,FRA,250.0,2023-11-28
1000710.0,10007.0,the People’s Democratic Republic of Algeria,la République algérienne démocratique et populaire,Algeria,Algérie,1.0,ACTIVE,ACTIF,1.0,Country,Pays,1962-01-01,2100-01-01,,,,,DZ,DZA,12.0,2023-11-28
1000810.0,10008.0,the Republic of Seychelles,la République des Seychelles,Seychelles,Seychelles,1.0,ACTIVE,ACTIF,1.0,Country,Pays,1976-01-01,2100-01-01,,,,,SC,SYC,690.0,2023-11-28
1000910.0,10009.0,the State of Kuwait,l’État du Koweït,Kuwait,Koweït,1.0,ACTIVE,ACTIF,1.0,Country,Pays,1961-01-01,2100-01-01,,,,,KW,KWT,414.0,2023-11-28
1001010.0,10010.0,the Democratic People’s Republic of Korea,la République populaire démocratique de Corée,North Korea,Corée du Nord,1.0,ACTIVE,ACTIF,1.0,Country,Pays,1953-01-01,2100-01-01,The Democratic People’s Republic of Korea is the correct and official name to be used in all public correspondence. North Korea is informal and not officially recognized.,La République populaire démocratique de Corée est le nom correct et officiel à utiliser dans toute correspondance publique. La Corée du Nord est un nom informel qui n'est pas officiellement reconnu.,,,KP,PRK,408.0,2023-11-28
1001109.0,10011.0,the Republic of Georgia,la République de Géorgie,Georgia,Géorgie,2.0,INACTIVE,INACTIF,1.0,Country,Pays,1991-01-01,1994-12-31,,,,,GE,GEO,268.0,2023-11-28
1001110.0,10011.0,Georgia,Géorgie,Georgia,Géorgie,1.0,ACTIVE,ACTIF,1.0,Country,Pays,1995-01-01,2100-01-01,,,,,GE,GEO,268.0,2023-11-28
1001209.0,10012.0,the People’s Republic of Benin,la République populaire du Bénin,Benin,Bénin,2.0,INACTIVE,INACTIF,1.0,Country,Pays,1975-01-01,1989-12-31,,,,,BJ,BEN,204.0,2023-11-28
1001210.0,10012.0,the Republic of Benin,la République du Bénin,Benin,Bénin,1.0,ACTIVE,ACTIF,1.0,Country,Pays,1990-01-01,2100-01-01,,,,,BJ,BEN,204.0,2023-11-28
1001310.0,10013.0,Isle of Man,Île de Man,Isle of Man,Île de Man,1.0,ACTIVE,ACTIF,2.0,Territory,Territoire,1900-01-01,2100-01-01,,,,10135.0,IM,IMN,833.0,2023-11-28
1001409.0,10014.0,the Republic of Ivory Coast,la République de Côte d’Ivoire,Ivory Coast,Côte d’Ivoire,2.0,INACTIVE,INACTIF,1.0,Country,Pays,1960-01-01,1985-12-31,,,,,CI,CIV,384.0,2023-11-28
1001410.0,10014.0,the Republic of Côte d’Ivoire,la République de Côte d’Ivoire,Côte d’Ivoire,Côte d’Ivoire,1.0,ACTIVE,ACTIF,1.0,Country,Pays,1986-01-01,2100-01-01,,,,,CI,CIV,384.0,2023-11-28
1001510.0,10015.0,the Republic of Singapore,la République de Singapour,Singapore,Singapour,1.0,ACTIVE,ACTIF,1.0,Country,Pays,1965-01-01,2100-01-01,,,,,SG,SGP,702.0,2023-11-28
1001609.0,10016.0,"the Pitcairn, Henderson, Ducie, and Oeno Islands","Les Îles Pitcairn, Henderson, Ducie et Oeno",Pitcairn Islands,Îles Pitcairn,2.0,INACTIVE,INACTIF,6.0,Non-Self-Governing Territory,Territoire non autonome,1900-01-01,1981-12-31,,,,10135.0,PN,PCN,612.0,2023-11-28
1001610.0,10016.0,"the Pitcairn, Henderson, Ducie, and Oeno Islands","Les Îles Pitcairn, Henderson, Ducie et Oeno",Pitcairn,Pitcairn,1.0,ACTIVE,ACTIF,6.0,Non-Self-Governing Territory,Territoire non autonome,1982-01-01,2100-01-01,,,,10135.0,PN,PCN,612.0,2023-11-28
1001710.0,10017.0,the Kingdom of Denmark,le Royaume du Danemark,Denmark,Danemark,1.0,ACTIVE,ACTIF,1.0,Country,Pays,1900-01-01,2100-01-01,,,,,DK,DNK,208.0,2023-11-28
1001809.0,10018.0,British Honduras,Honduras britannique,British Honduras,Honduras britannique,2.0,INACTIVE,INACTIF,2.0,Territory,Territoire,1900-01-01,1980-12-31,,,,,BZ,BLZ,84.0,2025-09-21
1001810.0,10018.0,Belize,Belize,Belize,Belize,1.0,ACTIVE,ACTIF,1.0,Country,Pays,1981-01-01,2100-01-01,,,,,BZ,BLZ,84.0,2023-11-28
1001910.0,10019.0,Grenada,Grenade,Grenada,Grenade,1.0,ACTIVE,ACTIF,1.0,Country,Pays,1974-01-01,2100-01-01,,,,,GD,GRD,308.0,2023-11-28
1002010.0,10020.0,the Republic of Honduras,la République du Honduras,Honduras,Honduras,1.0,ACTIVE,ACTIF,1.0,Country,Pays,1900-01-01,2100-01-01,,,,,HN,HND,340.0,2023-11-28
1002110.0,10021.0,the Republic of Nicaragua,la République du Nicaragua,Nicaragua,Nicaragua,1.0,ACTIVE,ACTIF,1.0,Country,Pays,1900-01-01,2100-01-01,,,,,NI,NIC,558.0,2023-11-28
1002209.0,10022.0,East Timor,Timor oriental,East Timor,Timor oriental,2.0,INACTIVE,INACTIF,1.0,Country,Pays,1975-01-01,2001-12-31,,,,,TL,TLS,626.0,2024-05-15
1002210.0,10022.0,the Democratic Republic of Timor-Leste,la République démocratique du Timor-Leste,Timor-Leste,Timor-Leste,1.0,ACTIVE,ACTIF,1.0,Country,Pays,2002-01-01,2100-01-01,,,,,TL,TLS,626.0,2023-11-28
1002310.0,10023.0,the Republic of Mali,la République du Mali,Mali,Mali,1.0,ACTIVE,ACTIF,1.0,Country,Pays,1960-01-01,2100-01-01,,,,,ML,MLI,466.0,2023-11-28
1002410.0,10024.0,the Socialist Republic of Vietnam,la République socialiste du Vietnam,Vietnam,Vietnam,1.0,ACTIVE,ACTIF,1.0,Country,Pays,1976-01-01,2100-01-01,,,,,VN,VNM,704.0,2023-11-28
1002510.0,10025.0,the Federal Democratic Republic of Nepal,la République fédérale démocratique du Népal,Nepal,Népal,1.0,ACTIVE,ACTIF,1.0,Country,Pays,2008-01-01,2100-01-01,,,,,NP,NPL,524.0,2023-11-28
1002610.0,10026.0,Bosnia and Herzegovina,Bosnie-Herzégovine,Bosnia and Herzegovina,Bosnie-Herzégovine,1.0,ACTIVE,ACTIF,1.0,Country,Pays,1992-01-01,2100-01-01,,,,,BA,BIH,70.0,2023-11-28
1002709.0,10027.0,"Bonaire, Saint Eustatius and Saba","Bonaire, Saint-Eustache et Saba","Bonaire, Saint Eustatius and Saba","Bonaire, Saint-Eustache et Saba",2.0,INACTIVE,INACTIF,2.0,Territory,Territoire,2010-01-01,2010-12-31,,,,10098.0,BQ,BES,535.0,2023-11-28
1002710.0,10027.0,"Bonaire, Sint Eustatius and Saba","Bonaire, Saint-Eustache et Saba","Bonaire, Sint Eustatius and Saba","Bonaire, Saint-Eustache et Saba",1.0,ACTIVE,ACTIF,2.0,Territory,Territoire,2011-01-01,2100-01-01,,,,10098.0,BQ,BES,535.0,2023-11-28
1002810.0,10028.0,the Republic of Paraguay,la République du Paraguay,Paraguay,Paraguay,1.0,ACTIVE,ACTIF,1.0,Country,Pays,1900-01-01,2100-01-01,,,,,PY,PRY,600.0,2023-11-28
1002910.0,10029.0,the Republic of Rwanda,la République du Rwanda,Rwanda,Rwanda,1.0,ACTIVE,ACTIF,1.0,Country,Pays,1962-01-01,2100-01-01,,,,,RW,RWA,646.0,2023-11-28
1003010.0,10030.0,Guadeloupe,Guadeloupe,Guadeloupe,Guadeloupe,1.0,ACTIVE,ACTIF,2.0,Territory,Territoire,1900-01-01,2100-01-01,,,,10006.0,GP,GLP,312.0,2023-11-28
1003109.0,10031.0,the Independent State of Western Samoa,l’État indépendant des Samoas occidentales,Western Samoa,Samoa occidentales,2.0,INACTIVE,INACTIF,1.0,Country,Pays,1962-01-01,1996-12-31,,,,,WS,WSM,882.0,2023-11-28
1003110.0,10031.0,the Independent State of Samoa,l’État indépendant du Samoa,Samoa,Samoa,1.0,ACTIVE,ACTIF,1.0,Country,Pays,1997-01-01,2100-01-01,,,,,WS,WSM,882.0,2023-11-28
1003210.0,10032.0,French Southern and Antarctic Territories,Terres australes et antarctiques françaises,French Southern and Antarctic Territories,Terres australes et antarctiques françaises,1.0,ACTIVE,ACTIF,2.0,Territory,Territoire,1955-01-01,2100-01-01,,,,10006.0,TF,ATF,260.0,2023-11-28
1003310.0,10033.0,the Republic of Chad,la République du Tchad,Chad,Tchad,1.0,ACTIVE,ACTIF,1.0,Country,Pays,1960-01-01,2100-01-01,,,,,TD,TCD,148.0,2023-11-28
1003410.0,10034.0,the Republic of Malawi,la République du Malawi,Malawi,Malawi,1.0,ACTIVE,ACTIF,1.0,Country,Pays,1966-01-01,2100-01-01,,,,,MW,MWI,454.0,2023-11-28
1003510.0,10035.0,the Russian Federation,la Fédération de Russie,Russia,Russie,1.0,ACTIVE,ACTIF,1.0,Country,Pays,1991-01-01,2100-01-01,,,,,RU,RUS,643.0,2023-11-28
1003608.0,10036.0,Republic of the Sudan,République du Soudan,Sudan,Soudan,2.0,INACTIVE,INACTIF,1.0,Country,Pays,1956-01-01,1968-12-31,,,,,SD,SDN,729.0,2023-11-28
1003609.0,10036.0,Democratic Republic of Sudan,la République démocratique du Soudan,Sudan,Soudan,2.0,INACTIVE,INACTIF,1.0,Country,Pays,1969-01-01,1984-12-31,,,,,SD,SDN,729.0,2023-11-28
1003610.0,10036.0,the Republic of the Sudan,la République du Soudan,Sudan,Soudan,1.0,ACTIVE,ACTIF,1.0,Country,Pays,1985-01-01,2100-01-01,,,,,SD,SDN,729.0,2023-11-28
1003709.0,10037.0,Saint Vincent,Saint-Vincent,Saint Vincent,Saint-Vincent,2.0,INACTIVE,INACTIF,2.0,Territory,Territoire,1900-01-01,1978-12-31,,,,,VC,VCT,670.0,2023-11-28
1003710.0,10037.0,Saint Vincent and the Grenadines,Saint-Vincent-et-les Grenadines,Saint Vincent and the Grenadines,Saint-Vincent-et-les Grenadines,1.0,ACTIVE,ACTIF,1.0,Country,Pays,1979-01-01,2100-01-01,,,,,VC,VCT,670.0,2023-11-28
1003807.0,10038.0,French West Africa,Afrique-Occidentale française,Upper Volta,Haute-Volta,2.0,INACTIVE,INACTIF,2.0,Territory,Territoire,1900-01-01,1957-12-31,,,,,BF,BFA,854.0,2023-11-28
1003808.0,10038.0,the Republic of Upper Volta,la République de Haute-Volta,Upper Volta,Haute-Volta,2.0,INACTIVE,INACTIF,1.0,Country,Pays,1958-01-01,1983-12-31,,,,,BF,BFA,854.0,2023-11-28
1003809.0,10038.0,the Republic of Burkina Faso,la République du Burkina Faso,Burkina,Burkina,2.0,INACTIVE,INACTIF,1.0,Country,Pays,1984-01-01,1998-12-31,,,,,BF,BFA,854.0,2023-11-28
1003810.0,10038.0,Burkina Faso,Burkina Faso,Burkina Faso,Burkina Faso,1.0,ACTIVE,ACTIF,1.0,Country,Pays,1999-01-01,2100-01-01,,,,,BF,BFA,854.0,2023-11-28
1003910.0,10039.0,the Togolese Republic,la République togolaise,Togo,Togo,1.0,ACTIVE,ACTIF,1.0,Country,Pays,1960-01-01,2100-01-01,,,,,TG,TGO,768.0,2023-11-28
1004010.0,10040.0,the Republic of Zambia,la République de Zambie,Zambia,Zambie,1.0,ACTIVE,ACTIF,1.0,Country,Pays,1964-01-01,2100-01-01,,,,,ZM,ZMB,894.0,2023-11-28
1004210.0,10042.0,Svalbard and Jan Mayen Islands,Îles Svalbard-et-Jan Mayen,Svalbard and Jan Mayen Islands,Îles Svalbard-et-Jan Mayen,1.0,ACTIVE,ACTIF,2.0,Territory,Territoire,1925-01-01,2100-01-01,,,,10246.0,SJ,SJM,744.0,2023-11-28
1004308.0,10043.0,Hungarian People’s Republic,République populaire de Hongrie,Hungary,Hongrie,2.0,INACTIVE,INACTIF,1.0,Country,Pays,1949-01-01,1988-12-31,,,,,HU,HUN,348.0,2023-11-28
1004309.0,10043.0,Republic of Hungary,République de Hongrie,Hungary,Hongrie,2.0,INACTIVE,INACTIF,1.0,Country,Pays,1989-01-01,2011-12-31,,,,,HU,HUN,348.0,2023-11-28
1004310.0,10043.0,Hungary,Hongrie,Hungary,Hongrie,1.0,ACTIVE,ACTIF,1.0,Country,Pays,2012-01-01,2100-01-01,,,,,HU,HUN,348.0,2023-11-28
1004408.0,10044.0,Cape Verde Islands,Îles du Cap-Vert,Cape Verde,Cap-Vert,2.0,INACTIVE,INACTIF,1.0,Country,Pays,1900-01-01,1974-12-31,,,,,CV,CPV,132.0,2023-11-28
1004409.0,10044.0,Cape Verde,Cap-Vert,Cape Verde,Cap-Vert,2.0,INACTIVE,INACTIF,1.0,Country,Pays,1975-01-01,2013-12-31,,,,,CV,CPV,132.0,2023-11-28
1004410.0,10044.0,the Republic of Cabo Verde,la République de Cabo Verde,Cabo Verde,Cabo Verde,1.0,ACTIVE,ACTIF,1.0,Country,Pays,2014-01-01,2100-01-01,,,,,CV,CPV,132.0,2023-11-28
1004510.0,10045.0,Curaçao,Curaçao,Curaçao,Curaçao,1.0,ACTIVE,ACTIF,2.0,Territory,Territoire,2010-01-01,2100-01-01,,,,10098.0,CW,CUW,531.0,2023-11-28
1004610.0,10046.0,British Indian Ocean Territory,Territoire britannique de l’océan Indien,British Indian Ocean Territory,Territoire britannique de l’océan Indien,1.0,ACTIVE,ACTIF,2.0,Territory,Territoire,1965-01-01,2100-01-01,,,10008.0,10135.0,IO,IOT,86.0,2023-11-28
1004710.0,10047.0,the Republic of Uganda,la République de l’Ouganda,Uganda,Ouganda,1.0,ACTIVE,ACTIF,1.0,Country,Pays,1963-01-01,2100-01-01,,,,,UG,UGA,800.0,2023-11-28
1004810.0,10048.0,the Republic of Ghana,la République du Ghana,Ghana,Ghana,1.0,ACTIVE,ACTIF,1.0,Country,Pays,1957-01-01,2100-01-01,,,,,GH,GHA,288.0,2023-11-28
1004910.0,10049.0,Panama Canal Zone,"Panama, Zone du Canal de",Panama Canal Zone,"Panama, Zone du Canal de",2.0,INACTIVE,INACTIF,2.0,Territory,Territoire,1903-01-01,1978-12-31,,,,,,,,2023-11-28
1005110.0,10051.0,the Republic of Colombia,la République de Colombie,Colombia,Colombie,1.0,ACTIVE,ACTIF,1.0,Country,Pays,1900-01-01,2100-01-01,,,,,CO,COL,170.0,2023-11-28
1005210.0,10052.0,the Republic of Tunisia,la République tunisienne,Tunisia,Tunisie,1.0,ACTIVE,ACTIF,1.0,Country,Pays,1956-01-01,2100-01-01,,,,,TN,TUN,788.0,2023-11-28
1005310.0,10053.0,the Kingdom of Bhutan,le Royaume du Bhoutan,Bhutan,Bhoutan,1.0,ACTIVE,ACTIF,1.0,Country,Pays,1949-01-01,2100-01-01,,,,,BT,BTN,64.0,2023-11-28
1005409.0,10054.0,the Hashemite Kingdom of Transjordan,le Royaume hachémite de Transjordanie,Transjordan,Transjordanie,2.0,INACTIVE,INACTIF,1.0,Country,Pays,1946-01-01,1948-12-31,,,,,JO,JOR,400.0,2023-11-28
1005410.0,10054.0,the Hashemite Kingdom of Jordan,le Royaume hachémite de Jordanie,Jordan,Jordanie,1.0,ACTIVE,ACTIF,1.0,Country,Pays,1949-01-01,2100-01-01,,,,,JO,JOR,400.0,2023-11-28
1005510.0,10055.0,the Republic of Yemen,la République du Yémen,Yemen,Yémen,1.0,ACTIVE,ACTIF,1.0,Country,Pays,1990-01-01,2100-01-01,,,,,YE,YEM,887.0,2023-11-28
1005610.0,10056.0,the Republic of Madagascar,la République de Madagascar,Madagascar,Madagascar,1.0,ACTIVE,ACTIF,1.0,Country,Pays,1960-01-01,2100-01-01,,,,,MG,MDG,450.0,2023-11-28
1005710.0,10057.0,German Democratic Republic,République démocratique allemande,German Democratic Republic,République démocratique allemande,2.0,INACTIVE,INACTIF,1.0,Country,Pays,1945-01-01,1989-12-31,,,,,,,,2023-11-28
1005809.0,10058.0,the Cook Islands,les îles Cook,Cook Islands,Cook (les Îles),2.0,INACTIVE,INACTIF,2.0,Territory,Territoire,1900-01-01,2023-12-11,,,,,CK,COK,184.0,2024-05-15
1005810.0,10058.0,the Cook Islands,les îles Cook,Cook Islands,Îles Cook,1.0,ACTIVE,ACTIF,5.0,Special Cases,Cas spéciaux,2023-12-12,2100-01-01,,,,,CK,COK,184.0,2023-11-28
1005910.0,10059.0,Barbados,Barbade,Barbados,Barbade,1.0,ACTIVE,ACTIF,1.0,Country,Pays,1966-01-01,2100-01-01,,,,,BB,BRB,52.0,2023-11-28
1006010.0,10060.0,British Virgin Islands,Vierges britanniques (les Îles),British Virgin Islands,Vierges britanniques (les Îles),1.0,ACTIVE,ACTIF,6.0,Non-Self-Governing Territory,Territoire non autonome,1967-01-01,2100-01-01,,,,10135.0,VG,VGB,92.0,2023-11-28
1006109.0,10061.0,Federation of Malaya,Fédération de Malaisie,Malaya,Malaisie,2.0,INACTIVE,INACTIF,2.0,Territory,Territoire,1948-01-01,1956-12-31,,,,,MY,MYS,458.0,2023-11-28
1006110.0,10061.0,Malaysia,Malaisie,Malaysia,Malaisie,1.0,ACTIVE,ACTIF,1.0,Country,Pays,1957-01-01,2100-01-01,,,,,MY,MYS,458.0,2023-11-28
1006210.0,10062.0,the Commonwealth of Dominica,le Commonwealth de la Dominique,Dominica,Dominique,1.0,ACTIVE,ACTIF,1.0,Country,Pays,1978-01-01,2100-01-01,,,,,DM,DMA,212.0,2023-11-28
1006305.0,10063.0,the Kingdom of Cambodia,le Royaume du Cambodge,Cambodia,Cambodge,2.0,INACTIVE,INACTIF,1.0,Country,Pays,1953-01-01,1969-12-31,,,,,KH,KHM,116.0,2023-11-28
1006306.0,10063.0,Khmer Republic,République Khmère,Cambodia,Cambodge,2.0,INACTIVE,INACTIF,1.0,Country,Pays,1970-01-01,1974-12-31,,,,,KH,KHM,116.0,2023-11-28
1006307.0,10063.0,Democratic Kampuchea,Kampuchéa démocratique,Cambodia,Cambodge,2.0,INACTIVE,INACTIF,1.0,Country,Pays,1975-01-01,1978-12-31,,,,,KH,KHM,116.0,2023-11-28
1006308.0,10063.0,the People’s Republic of Kampuchea,République populaire du Kampuchéa,Cambodia,Cambodge,2.0,INACTIVE,INACTIF,1.0,Country,Pays,1979-01-01,1988-12-31,,,,,KH,KHM,116.0,2023-11-28
1006309.0,10063.0,State of Cambodia,Etat du Cambodge,Cambodia,Cambodge,2.0,INACTIVE,INACTIF,1.0,Country,Pays,1989-01-01,1992-12-31,,,,,KH,KHM,116.0,2023-11-28
1006310.0,10063.0,the Kingdom of Cambodia,le Royaume du Cambodge,Cambodia,Cambodge,1.0,ACTIVE,ACTIF,1.0,Country,Pays,1993-01-01,2100-01-01,,,,,KH,KHM,116.0,2023-11-28
1006409.0,10064.0,Mongolian People’s Republic,République populaire mongole,Mongolia,Mongolie,2.0,INACTIVE,INACTIF,1.0,Country,Pays,1924-01-01,1991-12-31,,,,,MN,MNG,496.0,2023-11-28
1006410.0,10064.0,Mongolia,Mongolie,Mongolia,Mongolie,1.0,ACTIVE,ACTIF,1.0,Country,Pays,1992-01-01,2100-01-01,,,,,MN,MNG,496.0,2023-11-28
1006510.0,10065.0,the Commonwealth of the Northern Mariana Islands,Le Commonwealth des Îles Mariannes du Nord,Northern Mariana Islands,Mariannes du Nord (les Îles),1.0,ACTIVE,ACTIF,2.0,Territory,Territoire,1986-01-01,2100-01-01,,,,10194.0,MP,MNP,580.0,2023-11-28
1006610.0,10066.0,the Principality of Andorra,la Principauté d’Andorre,Andorra,Andorre,1.0,ACTIVE,ACTIF,1.0,Country,Pays,1900-01-01,2100-01-01,,,,,AD,AND,20.0,2023-11-28
1006710.0,10067.0,the Federated States of Micronesia,les États fédérés de Micronésie,Micronesia,Micronésie,1.0,ACTIVE,ACTIF,1.0,Country,Pays,1986-01-01,2100-01-01,,,,,FM,FSM,583.0,2023-11-28
1006810.0,10068.0,the Territory of Norfolk Island,le territoire de l’Île Norfolk,Norfolk Island,Norfolk (l’Île),1.0,ACTIVE,ACTIF,2.0,Territory,Territoire,1900-01-01,2100-01-01,,,,10274.0,NF,NFK,574.0,2023-11-28
1006910.0,10069.0,Gibraltar,Gibraltar,Gibraltar,Gibraltar,1.0,ACTIVE,ACTIF,6.0,Non-Self-Governing Territory,Territoire non autonome,1900-01-01,2100-01-01,,,,10135.0,GI,GIB,292.0,2023-11-28
1007009.0,10070.0,Hong Kong,Hong Kong,Hong Kong,Hong Kong,2.0,INACTIVE,INACTIF,2.0,Territory,Territoire,1900-01-01,1996-12-31,,,,10003.0,HK,HKG,344.0,2023-11-28
1007010.0,10070.0,Hong Kong Special Administrative Region of the People’s Republic of China,la région administrative spéciale de Hong Kong de la République populaire de Chine,Hong Kong,Hong Kong,1.0,ACTIVE,ACTIF,2.0,Territory,Territoire,1997-01-01,2100-01-01,,,,10003.0,HK,HKG,344.0,2023-11-28
1007110.0,10071.0,Midway Islands,Îles Midway,Midway Islands,Îles Midway,2.0,INACTIVE,INACTIF,2.0,Territory,Territoire,1900-01-01,1985-12-31,,,,,,,,2023-11-28
1007210.0,10072.0,the Republic of Chile,la République du Chili,Chile,Chili,1.0,ACTIVE,ACTIF,1.0,Country,Pays,1900-01-01,2100-01-01,,,,,CL,CHL,152.0,2023-11-28
1007309.0,10073.0,Ethiopia,Éthiopie,Ethiopia,Éthiopie,2.0,INACTIVE,INACTIF,1.0,Country,Pays,1900-01-01,1994-12-31,,,,,ET,ETH,231.0,2025-09-21
1007310.0,10073.0,the Federal Democratic Republic of Ethiopia,la République fédérale démocratique d’Éthiopie,Ethiopia,Éthiopie,1.0,ACTIVE,ACTIF,1.0,Country,Pays,1995-01-01,2100-01-01,,,,,ET,ETH,231.0,2023-11-28
1007410.0,10074.0,the Swiss Confederation,la Confédération suisse,Switzerland,Suisse,1.0,ACTIVE,ACTIF,1.0,Country,Pays,1900-01-01,2100-01-01,,,,,CH,CHE,756.0,2023-11-28
1007510.0,10075.0,the State of Eritrea,l’État d’Érythrée,Eritrea,Érythrée,1.0,ACTIVE,ACTIF,1.0,Country,Pays,1993-01-01,2100-01-01,,,10073.0,,ER,ERI,232.0,2023-11-28
1007610.0,10076.0,the State of Qatar,l’État du Qatar,Qatar,Qatar,1.0,ACTIVE,ACTIF,1.0,Country,Pays,1971-01-01,2100-01-01,,,,,QA,QAT,634.0,2023-11-28
1007709.0,10077.0,the Republic of Bolivia,la République de Bolivie,Bolivia,Bolivie,2.0,INACTIVE,INACTIF,1.0,Country,Pays,1900-01-01,2008-12-31,,,,,BO,BOL,68.0,2025-09-21
1007710.0,10077.0,the Plurinational State of Bolivia,l’État plurinational de Bolivie,Bolivia,Bolivie,1.0,ACTIVE,ACTIF,1.0,Country,Pays,2009-01-01,2100-01-01,,,,,BO,BOL,68.0,2023-11-28
1008009.0,10080.0,the Netherlands East Indies,les Indes orientales néerlandaises,Dutch East Indies,Indes néerlandaises,2.0,INACTIVE,INACTIF,1.0,Country,Pays,1900-01-01,1948-12-31,,,,,ID,IDN,360.0,2025-09-21
1008010.0,10080.0,the Republic of Indonesia,la République d’Indonésie,Indonesia,Indonésie,1.0,ACTIVE,ACTIF,1.0,Country,Pays,1949-01-01,2100-01-01,,,,,ID,IDN,360.0,2023-11-28
1008110.0,10081.0,the Republic of Niger,la République du Niger,Niger,Niger,1.0,ACTIVE,ACTIF,1.0,Country,Pays,1960-01-01,2100-01-01,,,,,NE,NER,562.0,2023-11-28
1008210.0,10082.0,Bermuda,Bermudes (les),Bermuda,Bermudes (les),1.0,ACTIVE,ACTIF,6.0,Non-Self-Governing Territory,Territoire non autonome,1900-01-01,2100-01-01,,,,10135.0,BM,BMU,60.0,2023-11-28
1008310.0,10083.0,The Territory of Cocos (Keeling) Islands,Le territoire des Îles Cocos (Keeling),Cocos (Keeling) Islands,Cocos (les Îles)/ Keeling (les Îles),1.0,ACTIVE,ACTIF,2.0,Territory,Territoire,1955-01-01,2100-01-01,,,,10274.0,CC,CCK,166.0,2023-11-28
1008410.0,10084.0,the Republic of Trinidad and Tobago,la République de Trinité-et-Tobago,Trinidad and Tobago,Trinité-et-Tobago,1.0,ACTIVE,ACTIF,1.0,Country,Pays,1962-01-01,2100-01-01,,,,,TT,TTO,780.0,2023-11-28
1008509.0,10085.0,Belarus,Bélarus (le),Belarus,Bélarus (le),2.0,INACTIVE,INACTIF,1.0,Country,Pays,1918-01-01,1990-12-31,,,,,BY,BLR,112.0,2023-11-28
1008510.0,10085.0,the Republic of Belarus,la République du Bélarus,Belarus,Bélarus,1.0,ACTIVE,ACTIF,1.0,Country,Pays,1991-01-01,2100-01-01,,,,,BY,BLR,112.0,2023-11-28
1008610.0,10086.0,Collectivity of Saint Martin,Collectivité de Saint-Martin,Saint Martin (French Republic),Saint-Martin (République française),1.0,ACTIVE,ACTIF,2.0,Territory,Territoire,2007-01-01,2100-01-01,,,,10006.0,MF,MAF,663.0,2023-12-20
1008710.0,10087.0,the Portuguese Republic,la République portugaise,Portugal,Portugal,1.0,ACTIVE,ACTIF,1.0,Country,Pays,1910-01-01,2100-01-01,,,,,PT,PRT,620.0,2023-11-28
1008808.0,10088.0,the Republic of Cameroon,la République du Cameroun,Cameroon,Cameroun,2.0,INACTIVE,INACTIF,1.0,Country,Pays,1960-01-01,1971-12-31,,,,,CM,CMR,120.0,2025-09-21
1008809.0,10088.0,United Republic of Cameroon,Cameroun,Cameroon,Cameroun,2.0,INACTIVE,INACTIF,1.0,Country,Pays,1972-01-01,1983-12-31,,,,,CM,CMR,120.0,2023-11-28
1008810.0,10088.0,the Republic of Cameroon,la République du Cameroun,Cameroon,Cameroun,1.0,ACTIVE,ACTIF,1.0,Country,Pays,1984-01-01,2100-01-01,,,,,CM,CMR,120.0,2023-11-28
1008909.0,10089.0,Kingdom of Italy,Royaume d’Italie,Italy,Italie,2.0,INACTIVE,INACTIF,1.0,Country,Pays,1900-01-01,1947-12-31,,,,,IT,ITA,380.0,2025-09-21
1008910.0,10089.0,the Italian Republic,la République italienne,Italy,Italie,1.0,ACTIVE,ACTIF,1.0,Country,Pays,1948-01-01,2100-01-01,,,,,IT,ITA,380.0,2023-11-28
1009009.0,10090.0,British Solomon Islands,Îles Salomon britanniques,Solomon Islands,Îles Salomon,2.0,INACTIVE,INACTIF,2.0,Territory,Territoire,1900-01-01,1977-12-31,,,,,SB,SLB,90.0,2025-09-21
1009010.0,10090.0,the Solomon Islands,les Îles Salomon,Solomon Islands,Îles Salomon,1.0,ACTIVE,ACTIF,1.0,Country,Pays,1978-01-01,2100-01-01,,,,,SB,SLB,90.0,2023-11-28
1009110.0,10091.0,the Republic of El Salvador,la République d’El Salvador,El Salvador,Salvador,1.0,ACTIVE,ACTIF,1.0,Country,Pays,1900-01-01,2100-01-01,,,,,SV,SLV,222.0,2023-11-28
1009210.0,10092.0,the Republic of Botswana,la République du Botswana,Botswana,Botswana,1.0,ACTIVE,ACTIF,1.0,Country,Pays,1966-01-01,2100-01-01,,,,,BW,BWA,72.0,2023-11-28
1009310.0,10093.0,the Republic of Namibia,la République de Namibie,Namibia,Namibie,1.0,ACTIVE,ACTIF,1.0,Country,Pays,1990-01-01,2100-01-01,,,,,,NAM,516.0,2023-11-28
1009410.0,10094.0,the Central African Republic,la République centrafricaine,Central African Republic,République centrafricaine,1.0,ACTIVE,ACTIF,1.0,Country,Pays,1960-01-01,2100-01-01,,,,,CF,CAF,140.0,2023-11-28
1009510.0,10095.0,Czechoslovakia,Tchécoslovaquie,Czechoslovakia,Tchécoslovaquie,2.0,INACTIVE,INACTIF,1.0,Country,Pays,1918-01-01,1992-12-31,,,,,,,,2023-11-28
1009610.0,10096.0,the Republic of Turkmenistan,la République du Turkménistan,Turkmenistan,Turkménistan,1.0,ACTIVE,ACTIF,1.0,Country,Pays,1991-01-01,2100-01-01,,,,,TM,TKM,795.0,2023-11-28
1009710.0,10097.0,the Argentine Republic,la République argentine,Argentina,Argentine,1.0,ACTIVE,ACTIF,1.0,Country,Pays,1900-01-01,2100-01-01,,,,,AR,ARG,32.0,2023-11-28
1009810.0,10098.0,the Kingdom of the Netherlands,le Royaume des Pays-Bas,Netherlands,Pays-Bas,1.0,ACTIVE,ACTIF,1.0,Country,Pays,1900-01-01,2100-01-01,,,,,NL,NLD,528.0,2023-11-28
1009910.0,10099.0,the Republic of Maldives,la République des Maldives,Maldives,Maldives,1.0,ACTIVE,ACTIF,1.0,Country,Pays,1965-01-01,2100-01-01,,,,,MV,MDV,462.0,2023-11-28
1010009.0,10100.0,the Kindom of Swaziland,le Royaume du Swaziland,Swaziland,Swaziland,2.0,INACTIVE,INACTIF,1.0,Country,Pays,1903-01-01,1967-12-31,,,,,SZ,SWZ,748.0,2023-11-28
1010010.0,10100.0,the Kingdom of Eswatini,le Royaume d’Eswatini,Eswatini,Eswatini,1.0,ACTIVE,ACTIF,1.0,Country,Pays,1968-01-01,2100-01-01,,,,,SZ,SWZ,748.0,2023-11-28
1010108.0,10101.0,Myanmar,Myanmar (le),Myanmar,Myanmar (le),2.0,INACTIVE,INACTIF,1.0,Country,Pays,1989-01-01,2009-12-31,,,,,MM,MMR,104.0,2023-11-28
1010109.0,10101.0,Burma (Myanmar),Burma (Myanmar),Burma,Birmanie,2.0,INACTIVE,INACTIF,1.0,Country,Pays,2010-01-01,2018-12-31,,,,,MM,MMR,104.0,2023-11-28
1010110.0,10101.0,the Republic of the Union of Myanmar,la République de l’Union du Myanmar,Myanmar,Myanmar,1.0,ACTIVE,ACTIF,1.0,Country,Pays,2019-01-01,2100-01-01,,,,,MM,MMR,104.0,2023-11-28
1010210.0,10102.0,the Republic of Uzbekistan,la République d’Ouzbékistan,Uzbekistan,Ouzbékistan,1.0,ACTIVE,ACTIF,1.0,Country,Pays,1991-01-01,2100-01-01,,,,,UZ,UZB,860.0,2023-11-28
1010310.0,10103.0,the Republic of the Philippines,la République des Philippines,Philippines,Philippines,1.0,ACTIVE,ACTIF,1.0,Country,Pays,1946-01-01,2100-01-01,,,,,PH,PHL,608.0,2023-11-28
1010410.0,10104.0,the Republic of Albania,la République d’Albanie,Albania,Albanie,1.0,ACTIVE,ACTIF,1.0,Country,Pays,1946-01-01,2100-01-01,,,,,AL,ALB,8.0,2023-11-28
1010510.0,10105.0,New Zealand,Nouvelle-Zélande,New Zealand,Nouvelle-Zélande,1.0,ACTIVE,ACTIF,1.0,Country,Pays,1947-01-01,2100-01-01,,,,,NZ,NZL,554.0,2023-11-28
1010608.0,10106.0,Crown Colony of the Island of Malta and its Dependencies,Colonie de l’Île de Malte et dépendances,Malta,Malte,2.0,INACTIVE,INACTIF,2.0,Territory,Territoire,1900-01-01,1963-12-31,,,,,MT,MLT,470.0,2025-09-21
1010609.0,10106.0,State of Malta,État de Malte,Malta,Malte,2.0,INACTIVE,INACTIF,1.0,Country,Pays,1964-01-01,1973-12-31,,,,,MT,MLT,470.0,2023-11-28
1010610.0,10106.0,the Republic of Malta,la République de Malte,Malta,Malte,1.0,ACTIVE,ACTIF,1.0,Country,Pays,1974-01-01,2100-01-01,,,,,MT,MLT,470.0,2023-11-28
1010709.0,10107.0,the State of Bahrain,l’État de Bahreïn,Bahrain,Bahreïn,2.0,INACTIVE,INACTIF,1.0,Country,Pays,1971-01-01,2001-12-31,,,,,BH,BHR,48.0,2023-11-28
1010710.0,10107.0,the Kingdom of Bahrain,le Royaume de Bahreïn,Bahrain,Bahreïn,1.0,ACTIVE,ACTIF,1.0,Country,Pays,2002-01-01,2100-01-01,,,,,BH,BHR,48.0,2023-11-28
1010809.0,10108.0,the Dominion of Ceylon,Dominion de Ceylan,Ceylon,Ceylan,2.0,INACTIVE,INACTIF,1.0,Country,Pays,1948-01-01,1971-12-31,,,,,LK,LKA,144.0,2023-11-28
1010810.0,10108.0,the Democratic Socialist Republic of Sri Lanka,la République socialiste démocratique de Sri Lanka,Sri Lanka,Sri Lanka,1.0,ACTIVE,ACTIF,1.0,Country,Pays,1972-01-01,2100-01-01,,,,,LK,LKA,144.0,2023-11-28
1010909.0,10109.0,the Dominion of Sierra Leone,Le dominion de Sierra Leone,Sierra Leone,Sierra Leone,2.0,INACTIVE,INACTIF,2.0,Territory,Territoire,1961-01-01,1970-12-31,,,,,SL,SLE,694.0,2023-11-28
1010910.0,10109.0,the Republic of Sierra Leone,la République de Sierra Leone,Sierra Leone,Sierra Leone,1.0,ACTIVE,ACTIF,1.0,Country,Pays,1971-01-01,2100-01-01,,,,,SL,SLE,694.0,2023-11-28
1011010.0,10110.0,Wake Island,Île Wake,Wake Island,Île Wake,2.0,INACTIVE,INACTIF,2.0,Territory,Territoire,1900-01-01,1985-12-31,,,,,,,,2023-11-28
1011110.0,10111.0,the Territory of American Samoa,Le territoire des Samoa américaines,American Samoa,Samoa américaines,1.0,ACTIVE,ACTIF,6.0,Non-Self-Governing Territory,Territoire non autonome,1900-01-01,2100-01-01,,,,10194.0,AS,ASM,16.0,2023-11-28
1011210.0,10112.0,Antarctica,Antarctique (l’),Antarctica,Antarctique (l’),1.0,ACTIVE,ACTIF,3.0,Geographical Area,Région géographique,1900-01-01,2100-01-01,,,,,AQ,ATA,10.0,2023-11-28
1011310.0,10113.0,the Republic of Korea,la République de Corée,Republic of Korea,République de Corée,1.0,ACTIVE,ACTIF,1.0,Country,Pays,1953-01-01,2100-01-01,,,,,KR,KOR,410.0,2023-11-28
1011409.0,10114.0,Niue Island,île Niue,Niue Island,Niue,2.0,INACTIVE,INACTIF,2.0,Territory,Territoire,1900-01-01,1973-12-31,,,,,NU,NIU,570.0,2023-11-28
1011410.0,10114.0,Niue,Niue,Niue,Niue,1.0,ACTIVE,ACTIF,5.0,Special Cases,Cas spéciaux,1974-01-01,2100-01-01,,,,,NU,NIU,570.0,2024-03-27
1011609.0,10116.0,the Kingdom of Siam,le Royaume de Siam,Siam,Siam,2.0,INACTIVE,INACTIF,1.0,Country,Pays,1900-01-01,1938-12-31,,,,,TH,THA,764.0,2023-11-28
1011610.0,10116.0,the Kingdom of Thailand,le Royaume de Thaïlande,Thailand,Thaïlande,1.0,ACTIVE,ACTIF,1.0,Country,Pays,1939-01-01,2100-01-01,,,,,TH,THA,764.0,2023-11-28
1011710.0,10117.0,the Principality of Liechtenstein,la Principauté de Liechtenstein,Liechtenstein,Liechtenstein,1.0,ACTIVE,ACTIF,1.0,Country,Pays,1900-01-01,2100-01-01,,,,,LI,LIE,438.0,2023-11-28
1011809.0,10118.0,Overseas Province of São Tomé and Príncipe,Province d’outre-mer de Sao Tomé-et-Principe,São Tomé and Príncipe,Sao Tomé-et-Principe,2.0,INACTIVE,INACTIF,2.0,Territory,Territoire,1951-01-01,1974-12-31,,,,,ST,STP,678.0,2023-11-28
1011810.0,10118.0,the Democratic Republic of São Tomé and Príncipe,la République démocratique de Sao Tomé-et-Principe,São Tomé and Príncipe,Sao Tomé-et-Principe,1.0,ACTIVE,ACTIF,1.0,Country,Pays,1975-01-01,2100-01-01,,,,,ST,STP,678.0,2023-11-28
1011909.0,10119.0,the Tokelau Islands,Les Îles Tokelau,Tokelau,Tokelau,2.0,INACTIVE,INACTIF,6.0,Non-Self-Governing Territory,Territoire non autonome,1900-01-01,1974-12-31,,,,10105.0,TK,TKL,772.0,2023-11-28
1011910.0,10119.0,Tokelau,Tokelau,Tokelau,Tokelau,1.0,ACTIVE,ACTIF,6.0,Non-Self-Governing Territory,Territoire non autonome,1975-01-01,2100-01-01,,,,10105.0,TK,TKL,772.0,2023-11-28
1012010.0,10120.0,the Kingdom of Sweden,le Royaume de Suède,Sweden,Suède,1.0,ACTIVE,ACTIF,1.0,Country,Pays,1905-01-01,2100-01-01,,,,,SE,SWE,752.0,2023-11-28
1012110.0,10121.0,Faroe Islands,Îles Féroé,Faroe Islands,Îles Féroé,1.0,ACTIVE,ACTIF,2.0,Territory,Territoire,1900-01-01,2100-01-01,,,,,FO,FRO,234.0,2023-11-28
1012210.0,10122.0,the Federation of Saint Kitts and Nevis,la Fédération de Saint-Kitts-et-Nevis,Saint Kitts and Nevis,Saint-Kitts-et-Nevis,1.0,ACTIVE,ACTIF,1.0,Country,Pays,1983-01-01,2100-01-01,,,,,KN,KNA,659.0,2023-11-28
1012310.0,10123.0,Åland,Åland,Åland,Åland,1.0,ACTIVE,ACTIF,2.0,Territory,Territoire,1920-01-01,2100-01-01,,,,,AX,ALA,248.0,2023-11-28
1012410.0,10124.0,Réunion,Réunion (La),Réunion,Réunion (La),1.0,ACTIVE,ACTIF,2.0,Territory,Territoire,1900-01-01,2100-01-01,,,,10006.0,RE,REU,638.0,2026-03-02
1012510.0,10125.0,Queen Maud Land,Terre de la Reine Maud,Queen Maud Land,Terre de la Reine Maud,1.0,ACTIVE,ACTIF,3.0,Geographical Area,Région géographique,1930-01-01,2100-01-01,,,,,NQ,ATN,,2023-11-28
1012606.0,10126.0,Bristish Mandate on Palestine,Palestine sous mandat britannique,Mandatory Palestine,Palestine mandataire,2.0,INACTIVE,INACTIF,5.0,Special Cases,Cas spéciaux,1920-01-01,1947-12-31,,,,,PS,PSE,275.0,2023-11-28
1012607.0,10126.0,All-Palestine (Gaza) Protectorate,All-Palestine (Gaza) Protectorate,All-Palestine (Gaza),All-Palestine (Gaza),2.0,INACTIVE,INACTIF,5.0,Special Cases,Cas spéciaux,1948-01-01,1958-12-31,,,,,PS,PSE,275.0,2023-11-28
1012608.0,10126.0,West Bank,Cisjordanie,West Bank,Cisjordanie,2.0,INACTIVE,INACTIF,5.0,Special Cases,Cas spéciaux,1948-01-01,1966-12-31,,,,,PS,PSE,275.0,2023-11-28
1012609.0,10126.0,Gaza Strip,Bande de Gaza,Gaza Strip,Bande de Gaza,2.0,INACTIVE,INACTIF,5.0,Special Cases,Cas spéciaux,1959-01-01,1966-12-31,,,,,PS,PSE,275.0,2023-11-28
1012610.0,10126.0,West Bank and Gaza,Cisjordanie et Gaza,West Bank and Gaza,Cisjordanie et Gaza,2.0,INACTIVE,INACTIF,5.0,Special Cases,Cas spéciaux,1967-01-01,2025-09-20,,,,,PS,PSE,275.0,2025-09-21
1012611.0,10126.0,State of Palestine,État de Palestine,Palestine,Palestine,1.0,ACTIVE,ACTIF,1.0,Country,Pays,2025-09-21,2100-01-01,,,,,PS,PSE,275.0,2025-09-21
1012710.0,10127.0,the United Republic of Tanzania,la République-Unie de Tanzanie,Tanzania,Tanzanie,1.0,ACTIVE,ACTIF,1.0,Country,Pays,1964-01-01,2100-01-01,,,,,TZ,TZA,834.0,2023-11-28
1012810.0,10128.0,the Republic of Lithuania,la République de Lituanie,Lithuania,Lituanie,1.0,ACTIVE,ACTIF,1.0,Country,Pays,1991-01-01,2100-01-01,,,,,LT,LTU,440.0,2023-11-28
1012910.0,10129.0,the Republic of Kosovo,la République du Kosovo,Kosovo,Kosovo,1.0,ACTIVE,ACTIF,1.0,Country,Pays,2008-01-01,2100-01-01,,,,,XK,XKX,,2023-11-28
1013010.0,10130.0,New Caledonia,La Nouvelle-Calédonie,New Caledonia,Nouvelle-Calédonie,1.0,ACTIVE,ACTIF,6.0,Non-Self-Governing Territory,Territoire non autonome,1900-01-01,2100-01-01,,,,10006.0,NC,NCL,540.0,2023-11-28
1013110.0,10131.0,the Republic of The Gambia,la République de Gambie,Gambia (The),Gambie,1.0,ACTIVE,ACTIF,1.0,Country,Pays,1965-01-01,2100-01-01,,,,,GM,GMB,270.0,2023-11-28
1013209.0,10132.0,Saint Helena,Sainte-Hélène,Saint Helena,Sainte-Hélène,2.0,INACTIVE,INACTIF,6.0,Non-Self-Governing Territory,Territoire non autonome,1900-01-01,2018-12-31,,,,10135.0,SH,SHN,654.0,2023-11-28
1013210.0,10132.0,Saint Helena Ascension and Tristan da Cunha,Sainte-Hélène Ascension et Tristan da Cunha,Saint Helena Ascension and Tristan da Cunha,Sainte-Hélène Ascension et Tristan da Cunha,1.0,ACTIVE,ACTIF,6.0,Non-Self-Governing Territory,Territoire non autonome,2019-01-01,2100-01-01,,,,10135.0,SH,SHN,654.0,2023-11-28
1013410.0,10134.0,the Federative Republic of Brazil,la République fédérative du Brésil,Brazil,Brésil,1.0,ACTIVE,ACTIF,1.0,Country,Pays,1900-01-01,2100-01-01,,,,,BR,BRA,76.0,2023-11-28
1013510.0,10135.0,the United Kingdom of Great Britain and Northern Ireland,le Royaume-Uni de Grande-Bretagne et d’Irlande du Nord,United Kingdom,Royaume-Uni,1.0,ACTIVE,ACTIF,1.0,Country,Pays,1900-01-01,2100-01-01,,,,,GB,GBR,826.0,2023-11-28
1013610.0,10136.0,Aruba,Aruba,Aruba,Aruba,1.0,ACTIVE,ACTIF,2.0,Territory,Territoire,1986-01-01,2100-01-01,,,,,AW,ABW,533.0,2023-11-28
1013710.0,10137.0,the Republic of Kenya,la République du Kenya,Kenya,Kenya,1.0,ACTIVE,ACTIF,1.0,Country,Pays,1964-01-01,2100-01-01,,,,,KE,KEN,404.0,2023-11-28
1013809.0,10138.0,Spanish Sahara,Sahara espagnol,Spanish Sahara,Sahara espagnol,2.0,INACTIVE,INACTIF,6.0,Non-Self-Governing Territory,Territoire non autonome,1900-01-01,1975-12-31,,,,,EH,ESH,732.0,2023-11-28
1013810.0,10138.0,Western Sahara,Sahara occidental (le),Western Sahara,Sahara occidental (le),1.0,ACTIVE,ACTIF,6.0,Non-Self-Governing Territory,Territoire non autonome,1976-01-01,2100-01-01,,,,,EH,ESH,732.0,2023-11-28
1013908.0,10139.0,Macao,Macao,Macao,Macao,2.0,INACTIVE,INACTIF,2.0,Territory,Territoire,1900-01-01,1998-12-31,,,,10003.0,MO,MAC,446.0,2023-11-28
1013909.0,10139.0,Macau Special Administrative Region,la région administrative spéciale de Macao,Macao,Macao,2.0,INACTIVE,INACTIF,2.0,Territory,Territoire,1999-01-01,2015-12-31,,,,10003.0,MO,MAC,446.0,2025-09-21
1013910.0,10139.0,Macao Special Administrative Region of the People’s Republic of China,la région administrative spéciale de Macao de la République populaire de Chine,Macao,Macao,1.0,ACTIVE,ACTIF,2.0,Territory,Territoire,2016-01-01,2100-01-01,,,,10003.0,MO,MAC,446.0,2023-11-28
1014010.0,10140.0,the Republic of Tajikistan,la République du Tadjikistan,Tajikistan,Tadjikistan,1.0,ACTIVE,ACTIF,1.0,Country,Pays,1991-01-01,2100-01-01,,,,,TJ,TJK,762.0,2023-11-28
1014110.0,10141.0,the Principality of Monaco,la Principauté de Monaco,Monaco,Monaco,1.0,ACTIVE,ACTIF,1.0,Country,Pays,1900-01-01,2100-01-01,,,,,MC,MCO,492.0,2023-11-28
1014210.0,10142.0,the Republic of Moldova,République de Moldova,Moldova,Moldova,1.0,ACTIVE,ACTIF,1.0,Country,Pays,1992-01-01,2100-01-01,,,,,MD,MDA,498.0,2026-03-02
1014310.0,10143.0,the Kingdom of Spain,le Royaume d’Espagne,Spain,Espagne,1.0,ACTIVE,ACTIF,1.0,Country,Pays,1900-01-01,2100-01-01,,,,,ES,ESP,724.0,2023-11-28
1014410.0,10144.0,the Republic of Finland,la République de Finlande,Finland,Finlande,1.0,ACTIVE,ACTIF,1.0,Country,Pays,1919-01-01,2100-01-01,,,,,FI,FIN,246.0,2023-11-28
1014610.0,10146.0,the Republic of Costa Rica,la République du Costa Rica,Costa Rica,Costa Rica,1.0,ACTIVE,ACTIF,1.0,Country,Pays,1900-01-01,2100-01-01,,,,,CR,CRI,188.0,2023-11-28
1014810.0,10148.0,the Syrian Arab Republic,la République arabe syrienne,Syria,Syrie,1.0,ACTIVE,ACTIF,1.0,Country,Pays,1945-01-01,2100-01-01,,,,,SY,SYR,760.0,2023-11-28
1015010.0,10150.0,the Republic of Iceland,la République d’Islande,Iceland,Islande,2.0,INACTIVE,INACTIF,1.0,Country,Pays,1900-01-01,2023-02-27,,,,,IS,ISL,352.0,2024-06-13
1015011.0,10150.0,Iceland,Islande,Iceland,Islande,1.0,ACTIVE,ACTIF,1.0,Country,Pays,2023-02-28,2100-01-01,,,,,IS,ISL,352.0,2024-06-13
1015110.0,10151.0,the Republic of Azerbaijan,la République d’Azerbaïdjan,Azerbaijan,Azerbaïdjan,1.0,ACTIVE,ACTIF,1.0,Country,Pays,1991-01-01,2100-01-01,,,,,AZ,AZE,31.0,2023-11-28
1015210.0,10152.0,the Commonwealth of The Bahamas,le Commonwealth des Bahamas,Bahamas (The),Bahamas,1.0,ACTIVE,ACTIF,1.0,Country,Pays,1973-01-01,2100-01-01,,,,,BS,BHS,44.0,2023-11-28
1015310.0,10153.0,the Republic of Mauritius,la République de Maurice,Mauritius,Maurice,1.0,ACTIVE,ACTIF,1.0,Country,Pays,1968-01-01,2100-01-01,,,,,MU,MUS,480.0,2023-11-28
1015510.0,10155.0,the Federal Republic of Somalia,la République fédérale de Somalie,Somalia,Somalie,1.0,ACTIVE,ACTIF,1.0,Country,Pays,1960-01-01,2100-01-01,,,,,SO,SOM,706.0,2023-11-28
1015610.0,10156.0,Mayotte,Mayotte,Mayotte,Mayotte,1.0,ACTIVE,ACTIF,2.0,Territory,Territoire,1975-01-01,2100-01-01,,,10160.0,10006.0,YT,MYT,175.0,2023-11-28
1015710.0,10157.0,the Republic of Poland,la République de Pologne,Poland,Pologne,1.0,ACTIVE,ACTIF,1.0,Country,Pays,1918-01-01,2100-01-01,,,,,PL,POL,616.0,2023-11-28
1015810.0,10158.0,Upper Volta,Haute-Volta,Upper Volta,Haute-Volta,2.0,INACTIVE,INACTIF,1.0,Country,Pays,1900-01-01,1983-12-31,,,,,,,,2023-11-28
1015909.0,10159.0,The Irish Free State,l’Etat Libre d’Irlande,Ireland,Irlande (l’),2.0,INACTIVE,INACTIF,1.0,Country,Pays,1922-01-01,1936-12-31,,,,,IE,IRL,372.0,2023-11-28
1015910.0,10159.0,Ireland,Irlande,Ireland,Irlande,1.0,ACTIVE,ACTIF,1.0,Country,Pays,1937-01-01,2100-01-01,,,,,IE,IRL,372.0,2023-11-28
1016010.0,10160.0,the Union of the Comoros,l’Union des Comores,Comoros,Comores,1.0,ACTIVE,ACTIF,1.0,Country,Pays,2001-01-01,2100-01-01,,,,,KM,COM,174.0,2023-11-28
1016110.0,10161.0,the Republic of Austria,la République d’Autriche,Austria,Autriche,1.0,ACTIVE,ACTIF,1.0,Country,Pays,1919-01-01,2100-01-01,,,,,AT,AUT,40.0,2023-11-28
1016210.0,10162.0,the Bolivarian Republic of Venezuela,la République bolivarienne du Venezuela,Venezuela,Venezuela,1.0,ACTIVE,ACTIF,1.0,Country,Pays,1900-01-01,2100-01-01,,,,,VE,VEN,862.0,2023-11-28
1016310.0,10163.0,the Republic of Bulgaria,la République de Bulgarie,Bulgaria,Bulgarie,1.0,ACTIVE,ACTIF,1.0,Country,Pays,1946-01-01,2100-01-01,,,,,BG,BGR,100.0,2023-11-28
1016409.0,10164.0,Kingdom of Laos,Royaume du Laos,Laos,Laos,2.0,INACTIVE,INACTIF,1.0,Country,Pays,1953-01-01,1974-12-31,,,,,LA,LAO,418.0,2023-11-28
1016410.0,10164.0,the Lao People’s Democratic Republic,la République démocratique populaire lao,Laos,Laos,1.0,ACTIVE,ACTIF,1.0,Country,Pays,1975-01-01,2100-01-01,,,,,LA,LAO,418.0,2023-11-28
1016510.0,10165.0,the Islamic Republic of Mauritania,la République islamique de Mauritanie,Mauritania,Mauritanie,1.0,ACTIVE,ACTIF,1.0,Country,Pays,1960-01-01,2100-01-01,,,,,MR,MRT,478.0,2023-11-28
1016607.0,10166.0,the Republic of the Congo,la République du Congo,Congo,Congo,2.0,INACTIVE,INACTIF,1.0,Country,Pays,1960-01-01,1968-12-31,,,,,CG,COG,178.0,2023-11-28
1016608.0,10166.0,the Republic of Congo,la République du Congo,Congo,Congo,2.0,INACTIVE,INACTIF,1.0,Country,Pays,1969-01-01,1969-12-31,,,,,CG,COG,178.0,2025-09-21
1016609.0,10166.0,the People’s Republic of the Congo,la République populaire du Congo,Congo,Congo,2.0,INACTIVE,INACTIF,1.0,Country,Pays,1970-01-01,1991-12-31,,,,,CG,COG,178.0,2025-09-21
1016610.0,10166.0,the Republic of the Congo,la République du Congo,Congo,Congo,1.0,ACTIVE,ACTIF,1.0,Country,Pays,1992-01-01,2100-01-01,,,,,CG,COG,178.0,2023-11-28
1016710.0,10167.0,the People’s Republic of Bangladesh,la République populaire du Bangladesh,Bangladesh,Bangladesh,1.0,ACTIVE,ACTIF,1.0,Country,Pays,1971-01-01,2100-01-01,,,10226.0,,BD,BGD,50.0,2023-11-28
1016810.0,10168.0,the Republic of Guatemala,la République du Guatemala,Guatemala,Guatemala,1.0,ACTIVE,ACTIF,1.0,Country,Pays,1900-01-01,2100-01-01,,,,,GT,GTM,320.0,2023-11-28
1016906.0,10169.0,Kingdom of Romania,Royaume de Roumanie,Romania,Roumanie,2.0,INACTIVE,INACTIF,1.0,Country,Pays,1900-01-01,1947-12-31,,,,,RO,ROU,642.0,2025-09-21
1016907.0,10169.0,Romanian People’s Republic,La République populaire roumaine,Romania,Roumanie,2.0,INACTIVE,INACTIF,1.0,Country,Pays,1948-01-01,1964-12-31,,,,,RO,ROU,642.0,2023-11-28
1016908.0,10169.0,Socialist Republic of Romania,La république socialiste de Roumanie,Romania,Roumanie,2.0,INACTIVE,INACTIF,1.0,Country,Pays,1965-01-01,1988-12-31,,,,,RO,ROU,642.0,2023-11-28
1016909.0,10169.0,Romania,Roumanie,Romania,Roumanie,2.0,INACTIVE,INACTIF,1.0,Country,Pays,1989-01-01,2001-12-31,,,,,RO,ROU,642.0,2023-11-28
1016910.0,10169.0,Romania,Roumanie,Romania,Roumanie,1.0,ACTIVE,ACTIF,1.0,Country,Pays,2002-01-01,2100-01-01,,,,,RO,ROU,642.0,2023-11-28
1017010.0,10170.0,the United Mexican States,les États-Unis du Mexique,Mexico,Mexique,1.0,ACTIVE,ACTIF,1.0,Country,Pays,1900-01-01,2100-01-01,,,,,MX,MEX,484.0,2023-11-28
1017110.0,10171.0,Collectivity of French Polynesia,Collectivité de Polynésie française,French Polynesia (French Republic),Polynésie française (République française),1.0,ACTIVE,ACTIF,6.0,Non-Self-Governing Territory,Territoire non autonome,1900-01-01,2100-01-01,,,,10006.0,PF,PYF,258.0,2023-12-20
1017210.0,10172.0,Vatican City State,État de la Cité du Vatican,Vatican City State,État de la Cité du Vatican,1.0,ACTIVE,ACTIF,1.0,Country,Pays,1929-01-01,2100-01-01,,,,,VA,VAT,336.0,2023-11-28
1017310.0,10173.0,Collectivity of Saint Pierre and Miquelon,Collectivité de Saint-Pierre-et-Miquelon,Saint Pierre and Miquelon (French Republic),Saint-Pierre-et-Miquelon (République française),1.0,ACTIVE,ACTIF,2.0,Territory,Territoire,1900-01-01,2100-01-01,,,,10006.0,PM,SPM,666.0,2023-12-20
1017409.0,10174.0,the Territory of Heard Island and McDonald Islands,Le territoire de îles Heard-et-MacDonald,Heard Island and McDonald Islands,îles Heard-et-MacDonald,2.0,INACTIVE,INACTIF,2.0,Territory,Territoire,1910-01-01,1946-12-31,,,,10274.0,HM,HMD,334.0,2024-05-15
1017410.0,10174.0,the Territory of Heard Island and McDonald Islands,Le territoire de îles Heard-et-MacDonald,Heard Island and McDonald Islands,îles Heard-et-MacDonald,1.0,ACTIVE,ACTIF,2.0,Territory,Territoire,1947-01-01,2100-01-01,,,,10274.0,HM,HMD,334.0,2024-05-15
1017610.0,10176.0,the Republic of Peru,la République du Pérou,Peru,Pérou,1.0,ACTIVE,ACTIF,1.0,Country,Pays,1900-01-01,2100-01-01,,,,,PE,PER,604.0,2023-11-28
1017710.0,10177.0,the Virgin Islands of the United States,Les Îles vierges des États-Unis,US Virgin Islands,Vierges des États-Unis (les Îles),1.0,ACTIVE,ACTIF,6.0,Non-Self-Governing Territory,Territoire non autonome,1917-01-01,2100-01-01,,,,10194.0,VI,VIR,850.0,2023-11-28
1017810.0,10178.0,the Kingdom of Saudi Arabia,le Royaume d’Arabie saoudite,Saudi Arabia,Arabie saoudite,1.0,ACTIVE,ACTIF,1.0,Country,Pays,1932-01-01,2100-01-01,,,,,SA,SAU,682.0,2023-11-28
1017910.0,10179.0,the Kingdom of Morocco,le Royaume du Maroc,Morocco,Maroc,1.0,ACTIVE,ACTIF,1.0,Country,Pays,1956-01-01,2100-01-01,,,,,MA,MAR,504.0,2023-11-28
1018009.0,10180.0,British Guiana,Guyane britannique,British Guiana,Guyane britannique,2.0,INACTIVE,INACTIF,2.0,Territory,Territoire,1926-01-01,1965-12-31,,,,,GY,GUY,328.0,2023-11-28
1018010.0,10180.0,the Co-operative Republic of Guyana,la République coopérative du Guyana,Guyana,Guyana,1.0,ACTIVE,ACTIF,1.0,Country,Pays,1966-01-01,2100-01-01,,,,,GY,GUY,328.0,2023-11-28
1018109.0,10181.0,the Republic of Turkey,la République de Turquie,Turkey,Turquie,2.0,INACTIVE,INACTIF,1.0,Country,Pays,1923-01-01,2021-12-31,,,,,TR,TUR,792.0,2023-11-28
1018110.0,10181.0,the Republic of Türkiye,la République de Türkiye,Türkiye,Türkiye,1.0,ACTIVE,ACTIF,1.0,Country,Pays,2022-01-01,2100-01-01,,,,,TR,TUR,792.0,2023-11-28
1018210.0,10182.0,Greenland,Groenland (le),Greenland,Groenland (le),1.0,ACTIVE,ACTIF,2.0,Territory,Territoire,1900-01-01,2100-01-01,,,,,GL,GRL,304.0,2023-11-28
1018310.0,10183.0,Falkland Islands,Falkland (les Îles)/Malouines (les Îles,Falkland Islands,Falkland (les Îles)/Malouines (les Îles,1.0,ACTIVE,ACTIF,6.0,Non-Self-Governing Territory,Territoire non autonome,1993-01-01,2100-01-01,,,,10135.0,FK,FLK,238.0,2023-11-28
1018410.0,10184.0,the Republic of Latvia,la République de Lettonie,Latvia,Lettonie,1.0,ACTIVE,ACTIF,1.0,Country,Pays,1991-01-01,2100-01-01,,,,,LV,LVA,428.0,2023-11-28
1018509.0,10185.0,People’s Republic of Angola,République populaire d’Angola,Angola,Angola,2.0,INACTIVE,INACTIF,1.0,Country,Pays,1975-01-01,1991-12-31,,,,,AO,AGO,24.0,2023-11-28
1018510.0,10185.0,the Republic of Angola,la République d’Angola,Angola,Angola,1.0,ACTIVE,ACTIF,1.0,Country,Pays,1992-01-01,2100-01-01,,,,,AO,AGO,24.0,2023-11-28
1018609.0,10186.0,Trucial Oman,Oman truciel,Trucial Oman,Oman truciel,2.0,INACTIVE,INACTIF,1.0,Country,Pays,1900-01-01,1970-12-31,,,,,AE,ARE,784.0,2023-11-28
1018610.0,10186.0,United Arab Emirates,Émirats arabes unis,United Arab Emirates,Émirats arabes unis,1.0,ACTIVE,ACTIF,1.0,Country,Pays,1971-01-01,2100-01-01,,,,,AE,ARE,784.0,2023-11-28
1018710.0,10187.0,Taiwan,Taïwan,Taiwan,Taïwan,1.0,ACTIVE,ACTIF,5.0,Special Cases,Cas spéciaux,1947-01-01,2100-01-01,,,,,TW,TWN,,2023-11-28
1018807.0,10188.0,Sultanate of Egypt,Sultanat d’Égypte,Egypt,Égypte,2.0,INACTIVE,INACTIF,1.0,Country,Pays,1914-01-01,1921-12-31,,,,,EG,EGY,818.0,2023-11-28
1018808.0,10188.0,the Kingdom of Egypt,Royaume d’Égypte,Egypt,Égypte,2.0,INACTIVE,INACTIF,1.0,Country,Pays,1922-01-01,1957-12-31,,,,,EG,EGY,818.0,2025-09-21
1018809.0,10188.0,United Arab Republic,République arabe unie,Egypt,Égypte,2.0,INACTIVE,INACTIF,1.0,Country,Pays,1958-01-01,1970-12-31,,,,,EG,EGY,818.0,2023-11-28
1018810.0,10188.0,the Arab Republic of Egypt,la République arabe d’Égypte,Egypt,Égypte,1.0,ACTIVE,ACTIF,1.0,Country,Pays,1971-01-01,2100-01-01,,,,,EG,EGY,818.0,2023-11-28
1018909.0,10189.0,Ukrainian Soviet Socialist Republic,République socialiste soviétique d’Ukraine,Ukraine,Ukraine,2.0,INACTIVE,INACTIF,1.0,Country,Pays,1922-01-01,1990-12-31,,,,,UA,UKR,804.0,2023-11-28
1018910.0,10189.0,Ukraine,Ukraine,Ukraine,Ukraine,1.0,ACTIVE,ACTIF,1.0,Country,Pays,1991-01-01,2100-01-01,,,,,UA,UKR,804.0,2023-11-28
1019009.0,10190.0,the Overseas Province of Guinea,la Province d’Outre-mer de Guinée,Portuguese Guinea,Guinée portugaise,2.0,INACTIVE,INACTIF,1.0,Country,Pays,1951-01-01,1973-12-31,,,,,GW,GNB,624.0,2023-11-28
1019010.0,10190.0,the Republic of Guinea-Bissau,la République de Guinée-Bissau,Guinea-Bissau,Guinée-Bissau,1.0,ACTIVE,ACTIF,1.0,Country,Pays,1974-01-01,2100-01-01,,,,,GW,GNB,624.0,2023-11-28
1019110.0,10191.0,Union of Soviet Socialist Republics,Union des républiques socialistes soviétiques,USSR,URSS,2.0,INACTIVE,INACTIF,1.0,Country,Pays,1922-01-01,1990-12-31,,,,,,,,2023-11-28
1019310.0,10193.0,the Republic of Panama,la République du Panama,Panama,Panama,1.0,ACTIVE,ACTIF,1.0,Country,Pays,1903-01-01,2100-01-01,,,,,PA,PAN,591.0,2023-11-28
1019410.0,10194.0,the United States of America,les États-Unis d’Amérique,United States,États-Unis,1.0,ACTIVE,ACTIF,1.0,Country,Pays,1900-01-01,2100-01-01,,,,,US,USA,840.0,2023-11-28
1019510.0,10195.0,the Republic of Ecuador,la République de l’Équateur,Ecuador,Équateur,1.0,ACTIVE,ACTIF,1.0,Country,Pays,1900-01-01,2100-01-01,,,,,EC,ECU,218.0,2023-11-28
1019610.0,10196.0,Netherlands Antilles,Antilles des Pays-Bas,Netherlands Antilles,Antilles des Pays-Bas,2.0,INACTIVE,INACTIF,2.0,Territory,Territoire,1986-01-01,2010-12-31,,,,,,,,2023-11-28
1019709.0,10197.0,the Kingdom of Burundi,le Royaume du Burundi,Burundi,Burundi,2.0,INACTIVE,INACTIF,1.0,Country,Pays,1962-01-01,1965-12-31,,,,,BI,BDI,108.0,2023-11-28
1019710.0,10197.0,the Republic of Burundi,la République du Burundi,Burundi,Burundi,1.0,ACTIVE,ACTIF,1.0,Country,Pays,1966-01-01,2100-01-01,,,,,BI,BDI,108.0,2023-11-28
1019810.0,10198.0,the Territory of Christmas Island,Le territoire de l’Île Christmas,Christmas Island,Île Christmas,1.0,ACTIVE,ACTIF,2.0,Territory,Territoire,1958-01-01,2100-01-01,,,,10274.0,CX,CXR,162.0,2023-11-28
1019910.0,10199.0,the State of Israel,l’État d’Israël,Israel,Israël,1.0,ACTIVE,ACTIF,1.0,Country,Pays,1948-01-01,2100-01-01,,,,,IL,ISR,376.0,2023-11-28
1020010.0,10200.0,the Grand Duchy of Luxembourg,le Grand-Duché de Luxembourg,Luxembourg,Luxembourg,1.0,ACTIVE,ACTIF,1.0,Country,Pays,1900-01-01,2100-01-01,,,,,LU,LUX,442.0,2023-11-28
1020110.0,10201.0,the Republic of Haiti,la République d’Haïti,Haiti,Haïti,1.0,ACTIVE,ACTIF,1.0,Country,Pays,1900-01-01,2100-01-01,,,,,HT,HTI,332.0,2023-11-28
1020210.0,10202.0,the Republic of Mozambique,la République du Mozambique,Mozambique,Mozambique,1.0,ACTIVE,ACTIF,1.0,Country,Pays,1975-01-01,2100-01-01,,,,,MZ,MOZ,508.0,2023-11-28
1020310.0,10203.0,Turks and Caicos Islands,Turks-et-Caïcos (les Îles),Turks and Caicos Islands,Turks-et-Caïcos (les Îles),1.0,ACTIVE,ACTIF,6.0,Non-Self-Governing Territory,Territoire non autonome,1962-01-01,2100-01-01,,,,10135.0,TC,TCA,796.0,2023-11-28
1020409.0,10204.0,Brunei,Brunéi,Brunei,Brunéi,2.0,INACTIVE,INACTIF,1.0,Country,Pays,1906-01-01,1983-12-31,,,,,BN,BRN,96.0,2023-11-28
1020410.0,10204.0,Brunei Darussalam,Brunéi Darussalam,Brunei,Brunéi,1.0,ACTIVE,ACTIF,1.0,Country,Pays,1984-01-01,2100-01-01,,,,,BN,BRN,96.0,2023-11-28
1020510.0,10205.0,Collectivity of Saint Barthélemy,Collectivité de Saint-Barthélemy,Saint Barthélemy (French Republic),Saint-Barthélemy (République française),1.0,ACTIVE,ACTIF,2.0,Territory,Territoire,2007-01-01,2100-01-01,,,,10006.0,BL,BLM,652.0,2023-12-20
1020610.0,10206.0,the Kingdom of Lesotho,le Royaume du Lesotho,Lesotho,Lesotho,1.0,ACTIVE,ACTIF,1.0,Country,Pays,1966-01-01,2100-01-01,,,,,LS,LSO,426.0,2023-11-28
1020710.0,10207.0,the Republic of Liberia,la République du Libéria,Liberia,Libéria,1.0,ACTIVE,ACTIF,1.0,Country,Pays,1900-01-01,2100-01-01,,,,,LR,LBR,430.0,2023-11-28
1020810.0,10208.0,United States Minor Outlying Islands,Îles mineures éloignées des États-Unis (les),United States Minor Outlying Islands,Îles mineures éloignées des États-Unis (les),1.0,ACTIVE,ACTIF,2.0,Territory,Territoire,1986-01-01,2100-01-01,,,,10194.0,UM,UMI,581.0,2023-11-28
1020910.0,10209.0,Saint Lucia,Sainte-Lucie,Saint Lucia,Sainte-Lucie,1.0,ACTIVE,ACTIF,1.0,Country,Pays,1979-01-01,2100-01-01,,,,,LC,LCA,662.0,2023-11-28
1021110.0,10211.0,Montserrat,Montserrat,Montserrat,Montserrat,1.0,ACTIVE,ACTIF,6.0,Non-Self-Governing Territory,Territoire non autonome,1900-01-01,2100-01-01,,,,10135.0,MS,MSR,500.0,2023-11-28
1021210.0,10212.0,Japan,Japon,Japan,Japon,1.0,ACTIVE,ACTIF,1.0,Country,Pays,1947-01-01,2100-01-01,,,,,JP,JPN,392.0,2023-11-28
1021310.0,10213.0,Serbia and Montenegro,Serbie-et-Monténégro,Serbia and Montenegro,Serbie-et-Monténégro,2.0,INACTIVE,INACTIF,1.0,Country,Pays,1992-01-01,2002-12-31,,,,,,,,2023-11-28
1021410.0,10214.0,Jersey,Jersey,Jersey,Jersey,1.0,ACTIVE,ACTIF,2.0,Territory,Territoire,1900-01-01,2100-01-01,,,,10135.0,JE,JEY,832.0,2023-11-28
1021510.0,10215.0,the Republic of Suriname,la République du Suriname,Suriname,Suriname,1.0,ACTIVE,ACTIF,1.0,Country,Pays,1975-01-01,2100-01-01,,,,,SR,SUR,740.0,2023-11-28
1021610.0,10216.0,Anguilla,Anguilla,Anguilla,Anguilla,1.0,ACTIVE,ACTIF,6.0,Non-Self-Governing Territory,Territoire non autonome,1980-01-01,2100-01-01,,,10122.0,,AI,AIA,660.0,2023-11-28
1021710.0,10217.0,Sint Maarten,Saint-Martin,Sint Maarten,Saint-Martin,1.0,ACTIVE,ACTIF,2.0,Territory,Territoire,2010-01-01,2100-01-01,,,,,SX,SXM,534.0,2023-11-28
1021810.0,10218.0,the Republic of Cuba,la République de Cuba,Cuba,Cuba,1.0,ACTIVE,ACTIF,1.0,Country,Pays,1902-01-01,2100-01-01,,,,,CU,CUB,192.0,2023-11-28
1021910.0,10219.0,the Republic of Dahomey,la République du Dahomey,Dahomey,Dahomey,2.0,INACTIVE,INACTIF,1.0,Country,Pays,1960-01-01,1973-12-31,,,,,,,,2023-11-28
1022010.0,10220.0,the Republic of Estonia,la République d’Estonie,Estonia,Estonie,1.0,ACTIVE,ACTIF,1.0,Country,Pays,1991-01-01,2100-01-01,,,,,EE,EST,233.0,2023-11-28
1022110.0,10221.0,the Kingdom of Tonga,le Royaume des Tonga,Tonga,Tonga,1.0,ACTIVE,ACTIF,1.0,Country,Pays,1970-01-01,2100-01-01,,,,,TO,TON,776.0,2023-11-28
1022410.0,10224.0,the Republic of Armenia,la République d’Arménie,Armenia,Arménie,1.0,ACTIVE,ACTIF,1.0,Country,Pays,1991-01-01,2100-01-01,,,,,AM,ARM,51.0,2023-11-28
1022510.0,10225.0,Commonwealth of Puerto Rico,Le Commonwealth de Porto Rico,Puerto Rico,Porto Rico,1.0,ACTIVE,ACTIF,2.0,Territory,Territoire,1900-01-01,2100-01-01,,,,10194.0,PR,PRI,630.0,2023-11-28
1022608.0,10226.0,Pakistan,Pakistan,Dominion of Pakistan,Dominion du Pakistan,2.0,INACTIVE,INACTIF,1.0,Country,Pays,1947-01-01,1955-12-31,,,,,PK,PAK,586.0,2023-11-28
1022609.0,10226.0,Pakistan,Pakistan,Pakistan,Pakistan,2.0,INACTIVE,INACTIF,1.0,Country,Pays,1956-01-01,1972-12-31,,,,,PK,PAK,586.0,2023-11-28
1022610.0,10226.0,the Islamic Republic of Pakistan,la République islamique du Pakistan,Pakistan,Pakistan,1.0,ACTIVE,ACTIF,1.0,Country,Pays,1973-01-01,2100-01-01,,,,,PK,PAK,586.0,2023-11-28
1022710.0,10227.0,the Kingdom of Belgium,le Royaume de Belgique,Belgium,Belgique,1.0,ACTIVE,ACTIF,1.0,Country,Pays,1900-01-01,2100-01-01,,,,,BE,BEL,56.0,2023-11-28
1022809.0,10228.0,Tuvalu,Tuvalu,Tuvalu,Tuvalu,2.0,INACTIVE,INACTIF,2.0,Territory,Territoire,1975-01-01,1977-12-31,,,,,TV,TUV,798.0,2023-11-28
1022810.0,10228.0,Tuvalu,Tuvalu,Tuvalu,Tuvalu,1.0,ACTIVE,ACTIF,1.0,Country,Pays,1978-01-01,2100-01-01,,,,,TV,TUV,798.0,2023-11-28
1022909.0,10229.0,Muscat and Oman,Mascate et Oman,Muscat and Oman,Mascate et Oman,2.0,INACTIVE,INACTIF,1.0,Country,Pays,1900-01-01,1970-12-31,,,,,OM,OMN,512.0,2023-11-28
1022910.0,10229.0,the Sultanate of Oman,le Sultanat d’Oman,Oman,Oman,1.0,ACTIVE,ACTIF,1.0,Country,Pays,1971-01-01,2100-01-01,,,,,OM,OMN,512.0,2023-11-28
1023010.0,10230.0,the Republic of Zimbabwe,la République du Zimbabwe,Zimbabwe,Zimbabwe,1.0,ACTIVE,ACTIF,1.0,Country,Pays,1980-01-01,2100-01-01,,,,,ZW,ZWE,716.0,2023-11-28
1023110.0,10231.0,the Republic of Palau,la République des Palaos,Palau,Palaos,1.0,ACTIVE,ACTIF,1.0,Country,Pays,1994-01-01,2100-01-01,,,,,PW,PLW,585.0,2023-11-28
1023205.0,10232.0,Kingdom of Greece,Royaume de Grèce,Greece,Grèce,2.0,INACTIVE,INACTIF,1.0,Country,Pays,1900-01-01,1923-12-31,,,,,GR,GRC,300.0,2023-11-28
1023206.0,10232.0,Hellenic Republic,République hellénique,Greece,Grèce,2.0,INACTIVE,INACTIF,1.0,Country,Pays,1924-01-01,1934-12-31,,,,,GR,GRC,300.0,2023-11-28
1023207.0,10232.0,Kingdom of Greece,Royaume de Grèce,Greece,Grèce,2.0,INACTIVE,INACTIF,1.0,Country,Pays,1935-01-01,1940-12-31,,,,,GR,GRC,300.0,2023-11-28
1023208.0,10232.0,Hellenic State,État hellénique,Greece,Grèce,2.0,INACTIVE,INACTIF,1.0,Country,Pays,1941-01-01,1943-12-31,,,,,GR,GRC,300.0,2023-11-28
1023209.0,10232.0,Kingdom of Greece,Royaume de Grèce,Greece,Grèce,2.0,INACTIVE,INACTIF,1.0,Country,Pays,1944-01-01,1974-12-31,,,,,GR,GRC,300.0,2023-11-28
1023210.0,10232.0,the Hellenic Republic,la République hellénique,Greece,Grèce,1.0,ACTIVE,ACTIF,1.0,Country,Pays,1975-01-01,2100-01-01,,,,,GR,GRC,300.0,2023-11-28
1023309.0,10233.0,French Territory of the Afars and the Issas,Territoire français des Afars et des Issas,French Territory of the Afars and the Issas,Territoire français des Afars et des Issas,2.0,INACTIVE,INACTIF,1.0,Country,Pays,1967-01-01,1976-12-31,,,,,DJ,DJI,262.0,2023-11-28
1023310.0,10233.0,the Republic of Djibouti,la République de Djibouti,Djibouti,Djibouti,1.0,ACTIVE,ACTIF,1.0,Country,Pays,1977-01-01,2100-01-01,,,,,DJ,DJI,262.0,2023-11-28
1023410.0,10234.0,the Republic of Guinea,la République de Guinée,Guinea,Guinée,1.0,ACTIVE,ACTIF,1.0,Country,Pays,1958-01-01,2100-01-01,,,,,GN,GIN,324.0,2023-11-28
1023510.0,10235.0,the Republic of Croatia,la République de Croatie,Croatia,Croatie,1.0,ACTIVE,ACTIF,1.0,Country,Pays,1991-01-01,2100-01-01,,,,,HR,HRV,191.0,2023-11-28
1023610.0,10236.0,the Republic of Kazakhstan,la République du Kazakhstan,Kazakhstan,Kazakhstan,1.0,ACTIVE,ACTIF,1.0,Country,Pays,1911-01-01,2100-01-01,,,,,KZ,KAZ,398.0,2023-11-28
1023710.0,10237.0,the Islamic Republic of Afghanistan,la République islamique d’Afghanistan,Afghanistan,Afghanistan,1.0,ACTIVE,ACTIF,1.0,Country,Pays,2004-01-01,2100-01-01,,,,,AF,AFG,4.0,2023-11-28
1023810.0,10238.0,the Eastern Republic of Uruguay,la République orientale de l’Uruguay,Uruguay,Uruguay,1.0,ACTIVE,ACTIF,1.0,Country,Pays,1900-01-01,2100-01-01,,,,,UY,URY,858.0,2023-11-28
1023910.0,10239.0,French Guiana,Guyane française,French Guiana,Guyane française,1.0,ACTIVE,ACTIF,2.0,Territory,Territoire,1900-01-01,2100-01-01,,,,10006.0,GF,GUF,254.0,2023-11-28
1024010.0,10240.0,the Republic of San Marino,la République de Saint-Marin,San Marino,Saint-Marin,1.0,ACTIVE,ACTIF,1.0,Country,Pays,1900-01-01,2100-01-01,,,,,SM,SMR,674.0,2023-11-28
1024110.0,10241.0,the Republic of South Africa,la République sud-africaine,South Africa,Afrique du Sud,1.0,ACTIVE,ACTIF,1.0,Country,Pays,1961-01-01,2100-01-01,,,,,ZA,ZAF,710.0,2023-11-28
1024210.0,10242.0,the Slovak Republic,la République slovaque,Slovakia,Slovaquie,1.0,ACTIVE,ACTIF,1.0,Country,Pays,1993-01-01,2100-01-01,,,,,SK,SVK,703.0,2023-11-28
1024310.0,10243.0,the Republic of Senegal,la République du Sénégal,Senegal,Sénégal,1.0,ACTIVE,ACTIF,1.0,Country,Pays,1960-01-01,2100-01-01,,,,,SN,SEN,686.0,2023-11-28
1024410.0,10244.0,Canada,Canada,Canada,Canada,1.0,ACTIVE,ACTIF,1.0,Country,Pays,1900-01-01,2100-01-01,,,,,CA,CAN,124.0,2023-11-28
1024509.0,10245.0,Federation of Nigeria,la Fédération du Nigeria,Nigeria,Nigéria,2.0,INACTIVE,INACTIF,1.0,Country,Pays,1954-01-01,1962-12-31,,,,,NG,NGA,566.0,2023-11-28
1024510.0,10245.0,the Federal Republic of Nigeria,la République fédérale du Nigéria,Nigeria,Nigéria,1.0,ACTIVE,ACTIF,1.0,Country,Pays,1963-01-01,2100-01-01,,,,,NG,NGA,566.0,2023-11-28
1024610.0,10246.0,the Kingdom of Norway,le Royaume de Norvège,Norway,Norvège,1.0,ACTIVE,ACTIF,1.0,Country,Pays,1905-01-01,2100-01-01,,,,,NO,NOR,578.0,2023-11-28
1024710.0,10247.0,the Dominican Republic,la République dominicaine,Dominican Republic,République dominicaine,1.0,ACTIVE,ACTIF,1.0,Country,Pays,1900-01-01,2100-01-01,,,,,DO,DOM,214.0,2023-11-28
1024810.0,10248.0,the Republic of Cyprus,la République de Chypre,Cyprus,Chypre,1.0,ACTIVE,ACTIF,1.0,Country,Pays,1960-01-01,2100-01-01,,,,,CY,CYP,196.0,2023-11-28
1024910.0,10249.0,the Republic of Nauru,la République de Nauru,Nauru,Nauru,1.0,ACTIVE,ACTIF,1.0,Country,Pays,1968-01-01,2100-01-01,,,,,NR,NRU,520.0,2023-11-28
1025010.0,10250.0,the Republic of South Sudan,la République du Soudan du Sud,South Sudan,Soudan du Sud,1.0,ACTIVE,ACTIF,1.0,Country,Pays,2011-01-01,2100-01-01,,,,,SS,SSD,728.0,2023-11-28
1025110.0,10251.0,Martinique,Martinique,Martinique,Martinique,1.0,ACTIVE,ACTIF,2.0,Territory,Territoire,1900-01-01,2100-01-01,,,,10006.0,MQ,MTQ,474.0,2023-11-28
1025210.0,10252.0,Cayman Islands,Caïmans (les Îles),Cayman Islands,Caïmans (les Îles),1.0,ACTIVE,ACTIF,2.0,Territory,Territoire,1962-01-01,2100-01-01,,,,10135.0,KY,CYM,136.0,2023-11-28
1025409.0,10254.0,the Imperial State of Iran,l’État impérial d’Iran,Pahlavi Iran,Empire d’Iran,2.0,INACTIVE,INACTIF,1.0,Country,Pays,1937-01-01,1978-12-31,,,,,IR,IRN,364.0,2023-11-28
1025410.0,10254.0,the Islamic Republic of Iran,la République islamique d’Iran,Iran,Iran,1.0,ACTIVE,ACTIF,1.0,Country,Pays,1979-01-01,2100-01-01,,,,,IR,IRN,364.0,2023-11-28
1025506.0,10255.0,British New Guinea,Nouvelle-Guinée britannique,British New Guinea,Nouvelle-Guinée britannique,2.0,INACTIVE,INACTIF,2.0,Territory,Territoire,1900-01-01,1901-12-31,,,,,PG,PNG,598.0,2023-11-28
1025507.0,10255.0,Territory of Papua,Territoire de Papouasie,Territory of Papua,Territoire de Papouasie,2.0,INACTIVE,INACTIF,2.0,Territory,Territoire,1902-01-01,1948-12-31,,,,,PG,PNG,598.0,2023-11-28
1025508.0,10255.0,the Administrative Union of the Territory of Papua and the Territory of New Guinea,Union administrative du Territoire de Papouasie et du Territoire de Nouvelle-Guinée,Territory of Papua and New Guinea,Territoire de Papouasie et de Nouvelle-Guinée,2.0,INACTIVE,INACTIF,2.0,Territory,Territoire,1949-01-01,1970-12-31,,,,,PG,PNG,598.0,2023-11-28
1025509.0,10255.0,Papua New Guinea,Papouasie-Nouvelle Guinée,Papua New Guinea,Papouasie-Nouvelle Guinée,2.0,INACTIVE,INACTIF,2.0,Territory,Territoire,1971-01-01,1974-12-31,,,,,PG,PNG,598.0,2023-11-28
1025510.0,10255.0,Independent State of Papua New Guinea,l’État indépendant de Papouasie-Nouvelle-Guinée,Papua New Guinea,Papouasie-Nouvelle-Guinée,1.0,ACTIVE,ACTIF,1.0,Country,Pays,1975-01-01,2100-01-01,,,,,PG,PNG,598.0,2023-11-28
1025609.0,10256.0,Antigua,Antigua,Antigua,Antigua,2.0,INACTIVE,INACTIF,1.0,Country,Pays,1967-01-01,1980-12-31,,,,,AG,ATG,28.0,2023-11-28
1025610.0,10256.0,Antigua and Barbuda,Antigua-et-Barbuda,Antigua and Barbuda,Antigua-et-Barbuda,1.0,ACTIVE,ACTIF,1.0,Country,Pays,1981-01-01,2100-01-01,,,,,AG,ATG,28.0,2023-11-28
1025710.0,10257.0,the Federal Republic of Germany,la République fédérale d’Allemagne,Germany,Allemagne,1.0,ACTIVE,ACTIF,1.0,Country,Pays,1900-01-01,2100-01-01,,,,,DE,DEU,276.0,2023-11-28
1025810.0,10258.0,the Republic of Equatorial Guinea,la République de Guinée équatoriale,Equatorial Guinea,Guinée équatoriale,1.0,ACTIVE,ACTIF,1.0,Country,Pays,1968-01-01,2100-01-01,,,,,GQ,GNQ,226.0,2023-11-28
1025910.0,10259.0,Guernsey,Guernesey,Guernsey,Guernesey,1.0,ACTIVE,ACTIF,2.0,Territory,Territoire,1900-01-01,2100-01-01,,,,10135.0,GG,GGY,831.0,2023-11-28
1026008.0,10260.0,British Raj,Raj britannique,India,Inde,2.0,INACTIVE,INACTIF,2.0,Territory,Territoire,1900-01-01,1946-12-31,,,,,IN,IND,356.0,2023-11-28
1026009.0,10260.0,Union of India,Union de l’Inde,Dominion of India,Dominion de l’Inde,2.0,INACTIVE,INACTIF,1.0,Country,Pays,1947-01-01,1949-12-31,,,,,IN,IND,356.0,2023-11-28
1026010.0,10260.0,the Republic of India,la République de l’Inde,India,Inde,1.0,ACTIVE,ACTIF,1.0,Country,Pays,1950-01-01,2100-01-01,,,,,IN,IND,356.0,2023-11-28
1026110.0,10261.0,the Gabonese Republic,la République gabonaise,Gabon,Gabon,1.0,ACTIVE,ACTIF,1.0,Country,Pays,1960-01-01,2100-01-01,,,,,GA,GAB,266.0,2023-11-28
1026210.0,10262.0,the Republic of the Marshall Islands,la République des Îles Marshall,Marshall Islands,Îles Marshall,1.0,ACTIVE,ACTIF,1.0,Country,Pays,1986-01-01,2100-01-01,,,,,MH,MHL,584.0,2023-11-28
1026310.0,10263.0,the Lebanese Republic,la République libanaise,Lebanon,Liban,1.0,ACTIVE,ACTIF,1.0,Country,Pays,1945-01-01,2100-01-01,,,,,LB,LBN,422.0,2023-11-28
1026408.0,10264.0,the Hashemite Kingdom of Iraq,le Royaume hachémite d’Iraq,Iraq,Iraq,2.0,INACTIVE,INACTIF,1.0,Country,Pays,1932-01-01,1957-12-31,,,,,IQ,IRQ,368.0,2023-11-28
1026409.0,10264.0,Republic of Iraq,République d’Iraq,Iraq,Iraq,2.0,INACTIVE,INACTIF,1.0,Country,Pays,1958-01-01,1992-12-31,,,,,IQ,IRQ,368.0,2023-11-28
1026410.0,10264.0,the Republic of Iraq,la République d’Iraq,Iraq,Iraq,1.0,ACTIVE,ACTIF,1.0,Country,Pays,1993-01-01,2100-01-01,,,,,IQ,IRQ,368.0,2023-11-28
1026510.0,10265.0,British Antarctic Territory,"Antarctique, Territoire britannique de l’",British Antarctic Territory,"Antarctique, Territoire britannique de l’",1.0,ACTIVE,ACTIF,3.0,Geographical Area,Région géographique,1962-01-01,2100-01-01,,,,,,ATB,,2024-05-15
1026610.0,10266.0,Guam,Guam,Guam,Guam,1.0,ACTIVE,ACTIF,6.0,Non-Self-Governing Territory,Territoire non autonome,1900-01-01,2100-01-01,,,,10194.0,GU,GUM,316.0,2023-11-28
1026710.0,10267.0,Democratic Republic of Yemen,République démocratique du Yémen,Democratic Republic of Yemen,République démocratique du Yémen,2.0,INACTIVE,INACTIF,1.0,Country,Pays,1967-01-01,1989-12-31,,,,,,,,2023-11-28
1026805.0,10268.0,the United Kingdom of Libya,le Royaume-Uni de Libye,Libya,Libye,2.0,INACTIVE,INACTIF,1.0,Country,Pays,1951-01-01,1962-12-31,,,,,LY,LBY,434.0,2023-11-28
1026806.0,10268.0,the Kingdom of Libya,le Royaume de Libye,Libya,Libye,2.0,INACTIVE,INACTIF,1.0,Country,Pays,1963-01-01,1976-12-31,,,,,LY,LBY,434.0,2025-09-21
1026807.0,10268.0,Socialist People’s Libyan Arab Jamahiriya,La Jamahiriya arabe libyenne,Libya,Libye,2.0,INACTIVE,INACTIF,1.0,Country,Pays,1977-01-01,1985-12-31,,,,,LY,LBY,434.0,2023-11-28
1026808.0,10268.0,Great Socialist People’s Libyan Arab Jamahiriya,Grande Jamahiriya arabe libyenne populaire socialiste,Libya,Libye,2.0,INACTIVE,INACTIF,1.0,Country,Pays,1986-01-01,2010-12-31,,,,,LY,LBY,434.0,2023-11-28
1026809.0,10268.0,Libya,Libye,Libya,Libye,2.0,INACTIVE,INACTIF,1.0,Country,Pays,2011-01-01,2016-12-31,,,,,LY,LBY,434.0,2023-11-28
1026810.0,10268.0,the State of Libya,l’État de Libye,Libya,Libye,1.0,ACTIVE,ACTIF,1.0,Country,Pays,2017-01-01,2100-01-01,,,,,LY,LBY,434.0,2023-11-28
1026910.0,10269.0,the Kyrgyz Republic,la République kirghize,Kyrgyzstan,Kirghizistan,1.0,ACTIVE,ACTIF,1.0,Country,Pays,1991-01-01,2100-01-01,,,,,KG,KGZ,417.0,2023-11-28
1027008.0,10270.0,Former Yugoslav Republic of Macedonia,l’ex-République yougoslave de Macédoine,North Macedonia,Macédoine du Nord,2.0,INACTIVE,INACTIF,1.0,Country,Pays,1992-01-01,2008-12-31,,,,,MK,MKD,807.0,2023-11-28
1027009.0,10270.0,Republic of Macedonia,Macédoine du Nord,North Macedonia,Macédoine du Nord,2.0,INACTIVE,INACTIF,1.0,Country,Pays,2009-01-01,2018-12-31,,,,,MK,MKD,807.0,2023-11-28
1027010.0,10270.0,the Republic of North Macedonia,la République de Macédoine du Nord,North Macedonia,Macédoine du Nord,1.0,ACTIVE,ACTIF,1.0,Country,Pays,2019-01-01,2100-01-01,,,,,MK,MKD,807.0,2023-11-28
1027110.0,10271.0,the Republic of Serbia,la République de Serbie,Serbia,Serbie,1.0,ACTIVE,ACTIF,1.0,Country,Pays,2006-01-01,2100-01-01,,,,,RS,SRB,688.0,2023-11-28
1027210.0,10272.0,the Czech Republic,la République tchèque,Czechia,Tchéquie,1.0,ACTIVE,ACTIF,1.0,Country,Pays,1993-01-01,2100-01-01,,,,,CZ,CZE,203.0,2023-11-28
1027410.0,10274.0,the Commonwealth of Australia,Le Commonwealth d’Australie,Australia,Australie,1.0,ACTIVE,ACTIF,1.0,Country,Pays,1942-01-01,2100-01-01,,,,,AU,AUS,36.0,2023-11-28
1027510.0,10275.0,Jamaica,Jamaïque,Jamaica,Jamaïque,1.0,ACTIVE,ACTIF,1.0,Country,Pays,1962-01-01,2100-01-01,,,,,JM,JAM,388.0,2023-11-28
1027610.0,10276.0,Yugoslavia,Yougoslavie,Yugoslavia,Yougoslavie,2.0,INACTIVE,INACTIF,1.0,Country,Pays,1970-01-01,1991-12-31,,,,,,,,2023-11-28
1027710.0,10277.0,Montenegro,Monténégro,Montenegro,Monténégro,1.0,ACTIVE,ACTIF,1.0,Country,Pays,2006-01-01,2100-01-01,,,,,ME,MNE,499.0,2023-11-28
1027810.0,10278.0,Bouvet Island,Bouvet (l’Île),Bouvet Island,Bouvet (l’Île),1.0,ACTIVE,ACTIF,2.0,Territory,Territoire,1928-01-01,2100-01-01,,,,10246.0,BV,BVT,74.0,2023-11-28
1027909.0,10279.0,the Territory of Wallis and Futuna Islands,Le territoire des îles Wallis-et-Futuna,Wallis and Futuna Islands,les îles Wallis et Futuna,2.0,INACTIVE,INACTIF,2.0,Territory,Territoire,1961-01-01,1992-12-31,,,,10006.0,WF,WLF,876.0,2023-12-20
1027910.0,10279.0,Collectivity of Wallis and Futuna,Collectivité de Wallis-et-Futuna,Wallis and Futuna (French Republic),Wallis-et-Futuna (République française),1.0,ACTIVE,ACTIF,2.0,Territory,Territoire,1993-01-01,2100-01-01,,,,10006.0,WF,WLF,876.0,2023-12-20
1028005.0,10280.0,Belgian Congo,Congo belge,Belgian Congo,Congo belge,2.0,INACTIVE,INACTIF,2.0,Territory,Territoire,1908-01-01,1959-12-31,,,,,CD,COD,180.0,2023-11-28
1028006.0,10280.0,Republic of the Congo,République du Congo,Republic of the Congo (Léopoldville),République du Congo (Léopoldville),2.0,INACTIVE,INACTIF,1.0,Country,Pays,1960-01-01,1963-12-31,,,,,CD,COD,180.0,2023-11-28
1028007.0,10280.0,The Democratic Republic of Congo,La République démocratique du Congo,The Democratic Republic of Congo,La république démocratique du Congo,2.0,INACTIVE,INACTIF,1.0,Country,Pays,1964-01-01,1970-12-31,,,,,CD,COD,180.0,2023-11-28
1028008.0,10280.0,Zaire,Zaïre,Zaire,Zaïre,2.0,INACTIVE,INACTIF,1.0,Country,Pays,1971-01-01,1996-12-31,,,,,CD,COD,180.0,2023-11-28
1028009.0,10280.0,Democratic Republic of Congo,République démocratique du Congo,Democratic Republic of Congo,République démocratique du Congo,2.0,INACTIVE,INACTIF,1.0,Country,Pays,1997-01-01,2015-12-31,,,,,CD,COD,180.0,2023-11-28
1028010.0,10280.0,The Democratic Republic of Congo,La République démocratique du Congo,Democratic Republic of Congo,République démocratique du Congo,1.0,ACTIVE,ACTIF,1.0,Country,Pays,2016-01-01,2100-01-01,,,,,CD,COD,180.0,2023-11-28
1028109.0,10281.0,the New Hebrides Condominium,le Condominium des Nouvelles-Hébrides,New Hebrides,Nouvelles-Hébrides,2.0,INACTIVE,INACTIF,1.0,Country,Pays,1906-01-01,1979-12-31,,,,,VU,VUT,548.0,2023-11-28
1028110.0,10281.0,the Republic of Vanuatu,la République de Vanuatu,Vanuatu,Vanuatu,1.0,ACTIVE,ACTIF,1.0,Country,Pays,1980-01-01,2100-01-01,,,,,VU,VUT,548.0,2023-11-28
1028210.0,10282.0,Sark,Sercq,Sark,Sercq,1.0,ACTIVE,ACTIF,2.0,Territory,Territoire,1900-01-01,2100-01-01,,,,10259.0,CQ,CRQ,,2023-11-28
,,,,,,,,,,,,,,,,,,,,,
